target_sequence_num,recommended_mutation_primary,biological_score,candidate_class,sum_buried_sasa,max_buried_sasa,mean_buried_sasa,total_contacts,inter_chain_or_copy_contacts,symmetry_related_contacts,hbond_like_contacts,good_geometry_contacts,unique_partner_residue_numbers,unique_partner_residue_types,unique_partner_chains,min_distance,mean_distance,observed_numbers,observed_chains,observed_copy_prefixes,observed_ncs,observed_thr_instances,very_low_burial_flag,recommended_mutation_controls
159,T159A,0.7669972411074983,primary_biological_interface_candidate,40.62,19.0,10.155,10,10,10,4,8,4,4,1,2.74,3.4909999999999997,3159,2,3,"4,8,14,15",4,False,T159V / T159S
124,T124A,0.4970836484219997,primary_biological_interface_candidate,14.149999999999999,11.7,7.074999999999999,10,10,10,2,6,5,4,2,2.8,3.59,2124,2,2,"0,1",2,False,T124V / T124S
155,T155A,0.49543210883789696,symmetry_hotspot_but_peripheral,3.09,3.09,0.7725,17,17,17,2,6,10,9,2,2.79,4.0588235294117645,"155,2155",2,"0,2","0,2,5,17",4,False,T155V / T155S
16,T16A,0.46135335018371637,symmetry_hotspot_but_peripheral,3.5269999999999997,2.53,1.7634999999999998,18,18,10,0,10,9,5,2,2.77,3.643333333333333,16,"2,3",0,"0,3,4",2,False,T16V / T16S
21,T21A,0.45030499331246393,lower_priority,2.36,2.36,2.36,18,18,0,4,10,9,9,3,2.74,3.6822222222222223,21,3,0,"0,2,4",1,False,T21V / T21S
17,T17A,0.39151593947125884,lower_priority,4.179,3.64,2.0895,14,14,2,2,10,7,6,3,2.73,3.7971428571428567,17,"2,3",0,"0,1,3,4",2,False,T17V / T17S
42,T42A,0.3881599609340994,primary_biological_interface_candidate,10.2,10.2,10.2,10,10,0,2,4,5,5,2,2.55,3.59,42,3,0,"0,4",1,False,T42V / T42S
30,T30A,0.3862964115003197,lower_priority,3.58,3.58,3.58,14,14,0,4,8,7,4,1,2.72,3.6514285714285712,30,1,0,"0,1",1,False,T30V / T30S
115,T115A,0.3556484604262733,lower_priority,4.7,4.7,4.7,11,11,3,3,7,6,5,1,2.87,3.686363636363636,115,3,0,"0,4",1,False,T115V / T115S
36,T36A,0.34711162197829043,lower_priority,0.383,0.383,0.1915,15,15,1,2,10,8,4,3,2.8,3.7693333333333334,"36,3036","2,4","0,3","0,1,4,8",2,True,T36V / T36S
2,T2A,0.3424802173418751,symmetry_hotspot_but_peripheral,1.36,1.36,1.36,12,12,6,4,6,6,6,2,3.03,3.828333333333333,2,1,0,"0,1",1,True,T2V / T2S
77,T77A,0.33976201396977157,symmetry_hotspot_but_peripheral,4.36,4.36,4.36,10,10,8,2,6,5,5,1,3.21,3.8579999999999997,3077,2,3,"0,9,16",1,False,T77V / T77S
112,T112A,0.29863624073144096,lower_priority,1.27,1.27,1.27,12,12,0,2,10,6,5,1,2.97,3.5883333333333334,112,3,0,"0,4",1,True,T112V / T112S
110,T110A,0.2737575130554734,lower_priority,0.0,0.0,0.0,10,10,2,4,7,6,5,2,2.99,3.7020000000000004,"110,1110","1,2","0,1","0,4",2,True,T110V / T110S
22,T22A,0.273644099933459,symmetry_hotspot_but_peripheral,2.81,2.81,1.405,9,9,5,1,6,6,6,2,3.27,4.028888888888889,22,"1,2",0,"0,1,3",2,False,T22V / T22S
13,T13A,0.2704386883243451,lower_priority,0.795,0.795,0.795,8,8,0,6,8,4,4,1,3.11,3.375,13,1,0,"0,1",1,True,T13V / T13S
6,T6A,0.266046209382271,lower_priority,1.74,1.74,1.74,14,14,0,0,2,7,7,1,2.5,4.064285714285714,1006,1,1,"0,1",1,True,T6V / T6S
102,T102A,0.2592489392158525,lower_priority,2.34,2.34,2.34,10,10,0,2,6,5,4,1,2.73,3.842,102,1,0,"0,4",1,False,T102V / T102S
53,T53A,0.25110140124153535,lower_priority,1.66,1.66,0.83,9,8,1,3,7,5,4,1,2.9,3.6755555555555555,53,"2,3",0,"0,4",2,True,T53V / T53S
191,T191A,0.2432230968129408,symmetry_hotspot_but_peripheral,1.55,1.55,0.775,8,8,8,2,4,3,3,1,3.22,4.0075,191,2,0,"0,1,2,4",2,True,T191V / T191S
25,T25A,0.22621182721416425,symmetry_hotspot_but_peripheral,0.477,0.477,0.477,7,7,7,2,4,6,6,2,3.0,3.644285714285714,25,2,0,"0,3",1,True,T25V / T25S
161,T161A,0.22478221807514587,good_biological_interface_candidate,6.22,6.22,6.22,6,6,0,0,4,3,3,1,2.97,3.5566666666666666,161,1,0,"0,4",1,False,T161V / T161S
141,T141A,0.21429160258322186,lower_priority,1.22,1.22,1.22,10,10,0,0,6,5,5,1,2.61,3.816,141,2,0,"0,1",1,True,T141V / T141S
3,T3A,0.2141861441923411,lower_priority,4.08,4.08,4.08,8,8,2,0,2,4,4,1,2.87,4.225,3003,2,3,"0,4,16",1,False,T3V / T3S
18,T18A,0.2124969947778106,lower_priority,0.0,0.0,0.0,10,10,0,2,4,5,5,2,3.16,3.9560000000000004,18,4,0,"0,1",1,True,T18V / T18S
23,T23A,0.2121024619160887,symmetry_hotspot_but_peripheral,0.243,0.243,0.243,7,7,7,2,3,5,5,2,3.05,3.724285714285714,23,2,0,"0,3",1,True,T23V / T23S
12,T12A,0.20178087498373282,lower_priority,1.29,1.29,1.29,10,10,0,0,4,5,5,1,3.54,4.0600000000000005,12,1,0,"0,1",1,True,T12V / T12S
156,T156A,0.19944749812800544,lower_priority,0.793,0.793,0.793,6,6,0,4,6,3,2,1,3.15,3.4333333333333336,156,3,0,"0,4",1,True,T156V / T156S
1,T1A,0.15900009853187505,lower_priority,0.0,0.0,0.0,6,6,0,2,6,3,3,1,3.15,3.47,1,1,0,"0,1",1,True,T1V / T1S
71,T71A,0.1486325746378954,symmetry_hotspot_but_peripheral,0.0,0.0,0.0,6,6,6,0,4,3,3,1,3.71,4.066666666666666,71,2,0,"2,4",1,True,T71V / T71S
167,T167A,0.14771874353176312,lower_priority,1.21,1.21,1.21,4,4,4,2,2,2,2,1,2.82,3.575,3167,2,3,"0,9",1,True,T167V / T167S
26,T26A,0.14646089922672587,lower_priority,6.98,6.98,6.98,1,1,1,0,1,1,1,1,3.58,3.58,26,2,0,0,1,False,T26V / T26S
101,T101A,0.14612910931175857,lower_priority,1.06,1.06,1.06,6,6,0,2,2,3,3,1,3.33,4.17,101,1,0,"0,4",1,True,T101V / T101S
65,T65A,0.13694999257238338,lower_priority,1.22,1.22,1.22,4,4,2,2,2,2,2,1,2.85,3.52,3065,2,3,"0,4,16",1,True,T65V / T65S
157,T157A,0.13060060068058307,good_biological_interface_candidate,5.89,5.89,1.9633333333333332,2,2,2,0,0,1,1,1,4.41,4.46,3157,2,3,"8,14",3,False,T157V / T157S
190,T190A,0.1302386119140748,lower_priority,1.37,1.37,1.37,4,4,4,0,3,4,4,1,3.6,4.005,190,3,0,0,1,True,T190V / T190S
185,T185A,0.12347336491301762,lower_priority,0.228,0.228,0.228,6,6,0,0,4,3,3,1,3.13,3.6466666666666665,185,1,0,"0,1",1,True,T185V / T185S
24,T24A,0.12278608729924133,lower_priority,0.0,0.0,0.0,4,4,4,2,2,2,2,1,3.33,3.89,2024,2,2,"0,17",1,True,T24V / T24S
93,T93A,0.12097562553665228,lower_priority,1.94,1.94,1.94,2,2,2,2,2,1,1,1,3.16,3.16,2093,2,2,"0,1",1,True,T93V / T93S
89,T89A,0.12048284853590234,lower_priority,0.144,0.144,0.144,4,4,0,2,4,2,2,2,3.22,3.5700000000000003,89,3,0,"0,4",1,True,T89V / T89S
79,T79A,0.11658607586577503,lower_priority,1.48,1.48,1.48,4,4,4,0,2,2,2,1,3.51,4.17,2079,2,2,"0,17",1,True,T79V / T79S
120,T120A,0.1148761454330476,lower_priority,0.0,0.0,0.0,6,6,0,0,4,3,3,2,3.78,4.2299999999999995,"120,3120","1,2","0,3","0,1,16",2,True,T120V / T120S
143,T143A,0.10717469701448419,lower_priority,0.0,0.0,0.0,4,4,4,0,4,2,2,1,3.68,3.8200000000000003,1143,1,1,"0,4",1,True,T143V / T143S
14,T14A,0.1029501431954709,lower_priority,0.0723,0.0723,0.0723,4,4,0,2,2,2,2,1,3.3,3.725,14,1,0,"0,1",1,True,T14V / T14S
60,T60A,0.08500206916937629,lower_priority,0.0,0.0,0.0,4,4,0,0,4,2,2,1,3.68,3.73,60,1,0,"0,1",1,True,T60V / T60S
188,T188A,0.08424297960390185,lower_priority,0.0,0.0,0.0,6,6,0,0,0,3,3,1,4.37,4.67,188,2,0,"0,1",1,True,T188V / T188S
149,T149A,0.07747531776529709,lower_priority,0.0,0.0,0.0,4,4,2,0,1,3,3,1,3.69,4.279999999999999,149,3,0,"0,4",1,True,T149V / T149S
177,T177A,0.07669918218543698,lower_priority,0.0,0.0,0.0,2,2,0,2,2,1,1,1,3.17,3.17,177,3,0,"0,4",1,True,T177V / T177S
197,T197A,0.07639767464774855,lower_priority,0.0,0.0,0.0,2,2,0,2,2,1,1,1,3.19,3.19,197,1,0,"0,1",1,True,T197V / T197S
84,T84A,0.07363170986614916,lower_priority,1.08,1.08,1.08,2,2,2,0,2,1,1,1,3.58,3.58,3084,2,3,"0,9",1,True,T84V / T84S
44,T44A,0.0715638424848288,lower_priority,1.04,1.04,1.04,1,1,1,1,1,1,1,1,2.86,2.86,1044,1,1,18,1,True,T44V / T44S
134,T134A,0.05305350280815843,lower_priority,0.0,0.0,0.0,2,2,2,0,2,1,1,1,3.75,3.75,2134,2,2,"0,1",1,True,T134V / T134S
152,T152A,0.050906591782441626,lower_priority,0.0,0.0,0.0,4,4,0,0,0,2,2,1,4.56,4.664999999999999,152,2,0,"0,1",1,True,T152V / T152S
178,T178A,0.04023352054389595,lower_priority,0.0,0.0,0.0,2,2,0,0,2,1,1,1,3.82,3.82,178,3,0,"0,4",1,True,T178V / T178S
189,T189A,0.026862252438663903,lower_priority,0.0,0.0,0.0,1,1,1,0,1,1,1,1,3.79,3.79,2189,2,2,11,1,True,T189V / T189S
104,T104A,0.02465563109665976,lower_priority,0.0,0.0,0.0,2,2,0,0,0,1,1,1,4.19,4.19,104,3,0,"0,4",1,True,T104V / T104S
64,T64A,0.0058823529411764705,lower_priority,0.0,0.0,0.0,1,1,1,0,0,1,1,1,4.85,4.85,64,2,0,0,1,True,T64V / T64S
