line,res,observed_num,sequence_num,copy_prefix,chain,ncs,buried_area
1490,THR,1,1,0,1,0,0.0
1491,THR,2,2,0,1,0,1.36
1492,SER,3,3,0,1,0,1.25
1493,ALA,4,4,0,1,0,0.0
1494,GLY,5,5,0,1,0,2.71
1495,GLU,6,6,0,1,0,0.582
1496,ASP,9,9,0,1,0,0.0
1497,PRO,10,10,0,1,0,0.0
1498,VAL,11,11,0,1,0,0.0
1499,THR,12,12,0,1,0,1.29
1500,THR,13,13,0,1,0,0.795
1501,THR,14,14,0,1,0,0.0723
1502,VAL,15,15,0,1,0,0.0
1503,ASN,17,17,0,1,0,0.0
1504,TYR,18,18,0,1,0,1.51
1505,GLY,19,19,0,1,0,0.0
1506,GLY,20,20,0,1,0,2.72
1507,GLU,21,21,0,1,0,1.38
1508,THR,22,22,0,1,0,0.0
1509,GLN,23,23,0,1,0,1.48
1510,ILE,24,24,0,1,0,0.0
1511,GLN,25,25,0,1,0,1.99
1512,ARG,26,26,0,1,0,0.382
1513,ARG,27,27,0,1,0,4.86
1514,GLN,28,28,0,1,0,0.0
1515,HIS,29,29,0,1,0,5.21
1516,THR,30,30,0,1,0,3.58
1517,ASP,31,31,0,1,0,0.0
1518,VAL,32,32,0,1,0,1.02
1519,SER,33,33,0,1,0,0.0
1520,PHE,34,34,0,1,0,0.699
1521,ILE,35,35,0,1,0,0.855
1522,ARG,38,38,0,1,0,1.66
1523,PHE,39,39,0,1,0,1.67
1524,VAL,40,40,0,1,0,0.0
1525,LYS,41,41,0,1,0,1.06
1526,ILE,50,50,0,1,0,0.389
1527,ASP,52,52,0,1,0,0.066
1528,SER,58,58,0,1,0,0.0
1529,HIS,59,59,0,1,0,3.17
1530,THR,60,60,0,1,0,0.0
1531,LEU,61,61,0,1,0,0.311
1532,VAL,62,62,0,1,0,0.0
1533,GLY,64,64,0,1,0,0.0
1534,LEU,65,65,0,1,0,0.0
1535,ALA,68,68,0,1,0,0.0
1536,SER,69,69,0,1,0,0.0
1537,PHE,73,73,0,1,0,0.0
1538,GLU,77,77,0,1,0,2.51
1539,ALA,79,79,0,1,0,0.0
1540,LYS,81,81,0,1,0,0.0
1541,ASP,85,85,0,1,0,0.0
1542,TRP,88,88,0,1,0,0.0
1543,VAL,89,89,0,1,0,0.0
1544,PRO,90,90,0,1,0,0.0
1545,ASN,91,91,0,1,0,0.0
1546,GLY,92,92,0,1,0,0.0
1547,ALA,93,93,0,1,0,1.33
1548,PRO,94,94,0,1,0,0.0
1549,GLU,95,95,0,1,0,1.08
1550,LYS,96,96,0,1,0,0.0
1551,LEU,98,98,0,1,0,0.0
1552,THR,101,101,0,1,0,1.06
1553,THR,102,102,0,1,0,2.34
1554,PRO,104,104,0,1,0,0.983
1555,TYR,107,107,0,1,0,1.33
1556,HIS,108,108,0,1,0,0.0
1557,LYS,109,109,0,1,0,0.0
1558,LEU,112,112,0,1,0,0.0
1559,ARG,114,114,0,1,0,4.46
1560,LEU,115,115,0,1,0,0.0
1561,ALA,116,116,0,1,0,0.381
1562,LEU,117,117,0,1,0,0.0
1563,PRO,118,118,0,1,0,0.751
1564,TYR,119,119,0,1,0,0.0
1565,THR,120,120,0,1,0,0.0
1566,ALA,121,121,0,1,0,0.0
1567,PRO,122,122,0,1,0,0.0
1568,HIS,123,123,0,1,0,0.0
1569,ARG,124,124,0,1,0,0.346
1570,VAL,125,125,0,1,0,0.0
1571,LEU,159,159,0,1,0,0.0
1572,PRO,160,160,0,1,0,0.0
1573,THR,161,161,0,1,0,6.22
1574,SER,162,162,0,1,0,0.0
1575,PHE,163,163,0,1,0,0.0
1576,ASN,164,164,0,1,0,0.0
1577,GLY,166,166,0,1,0,0.0
1578,ALA,167,167,0,1,0,0.259
1579,GLU,175,175,0,1,0,1.34
1580,LEU,177,177,0,1,0,0.0
1581,ARG,179,179,0,1,0,1.17
1582,LYS,181,181,0,1,0,0.0
1583,ARG,182,182,0,1,0,0.0
1584,GLU,184,184,0,1,0,3.73
1585,THR,185,185,0,1,0,0.228
1586,TYR,186,186,0,1,0,3.38
1587,CYS,187,187,0,1,0,1.16
1588,PRO,188,188,0,1,0,1.24
1589,ARG,189,189,0,1,0,0.0
1590,PRO,190,190,0,1,0,0.0
1591,LEU,191,191,0,1,0,0.434
1592,LEU,192,192,0,1,0,0.282
1593,ALA,193,193,0,1,0,0.414
1594,ILE,194,194,0,1,0,2.12
1595,HIS,195,195,0,1,0,0.0
1596,PRO,196,196,0,1,0,2.57
1597,THR,197,197,0,1,0,0.0
1598,GLU,198,198,0,1,0,0.0
1599,ALA,199,199,0,1,0,0.845
1600,ARG,200,200,0,1,0,2.13
1601,HIS,201,201,0,1,0,0.85
1602,LYS,202,202,0,1,0,0.409
1603,GLN,203,203,0,1,0,3.99
1604,LYS,204,204,0,1,0,1.09
1605,ILE,205,205,0,1,0,4.82
1606,VAL,206,206,0,1,0,1.57
1607,ALA,207,207,0,1,0,2.56
1608,PRO,208,208,0,1,0,4.15
1609,LEU,9,9,0,2,0,13.3
1610,LEU,10,10,0,2,0,0.0
1611,GLU,11,11,0,2,0,0.0
1612,ASP,12,12,0,2,0,0.0
1613,ILE,14,14,0,2,0,6.39
1614,LEU,15,15,0,2,0,0.937
1615,THR,16,16,0,2,0,2.53
1616,THR,17,17,0,2,0,0.539
1617,ARG,18,18,0,2,0,0.868
1618,ASN,19,19,0,2,0,0.0
1619,GLY,20,20,0,2,0,0.0
1620,HIS,21,21,0,2,0,3.39
1621,THR,22,22,0,2,0,2.81
1622,THR,23,23,0,2,0,0.243
1623,SER,24,24,0,2,0,0.0
1624,THR,25,25,0,2,0,0.477
1625,THR,26,26,0,2,0,6.98
1626,GLN,27,27,0,2,0,2.11
1627,SER,28,28,0,2,0,0.0
1628,VAL,32,32,0,2,0,0.0
1629,TYR,34,34,0,2,0,0.0
1630,TYR,36,36,0,2,0,0.669
1631,ALA,37,37,0,2,0,0.407
1632,ASP,41,41,0,2,0,0.0
1633,PHE,42,42,0,2,0,0.509
1634,GLY,45,45,0,2,0,0.0
1635,PRO,46,46,0,2,0,0.0
1636,SER,49,49,0,2,0,1.43
1637,GLY,50,50,0,2,0,0.0
1638,LEU,51,51,0,2,0,2.69
1639,THR,53,53,0,2,0,1.66
1640,ARG,54,54,0,2,0,0.0
1641,VAL,55,55,0,2,0,0.0
1642,GLN,57,57,0,2,0,1.69
1643,ARG,60,60,0,2,0,3.37
1644,PHE,61,61,0,2,0,0.0
1645,PHE,62,62,0,2,0,0.0
1646,LYS,63,63,0,2,0,2.97
1647,THR,64,64,0,2,0,0.0
1648,HIS,65,65,0,2,0,0.0
1649,ASP,68,68,0,2,2,0.0
1650,VAL,70,70,0,2,2,3.2
1651,THR,71,71,0,2,2,0.0
1652,SER,72,72,0,2,2,6.58
1653,PHE,75,75,0,2,0,0.996
1654,HIS,87,87,0,2,0,0.0
1655,LYS,88,88,0,2,0,4.1
1656,GLY,89,89,0,2,0,0.0
1657,VAL,90,90,0,2,0,0.0
1658,SER,97,97,0,2,0,0.0
1659,TYR,98,98,0,2,0,0.0
1660,GLU,108,108,0,2,0,0.0
1661,THR,110,110,0,2,0,0.0
1662,VAL,112,112,0,2,0,0.0
1663,GLY,113,113,0,2,0,0.455
1664,ASN,114,114,0,2,0,0.0
1665,GLN,115,115,0,2,0,3.46
1666,PHE,116,116,0,2,0,0.0
1667,ASN,117,117,0,2,0,0.0
1668,GLY,118,118,0,2,0,0.0
1669,GLY,119,119,0,2,0,0.451
1670,CYS,120,120,0,2,0,0.0
1671,LEU,122,122,0,2,0,0.0
1672,ARG,135,135,0,2,0,2.95
1673,LEU,137,137,0,2,0,0.0
1674,TYR,138,138,0,2,0,2.45
1675,GLN,139,139,0,2,0,1.57
1676,THR,141,141,0,2,0,1.22
1677,LEU,142,142,0,2,0,0.484
1678,PHE,147,147,0,2,0,0.0
1679,ASN,149,149,0,2,0,0.163
1680,ARG,151,151,0,2,0,1.6
1681,THR,152,152,0,2,0,0.0
1682,MET,154,154,0,2,0,1.27
1683,THR,155,155,0,2,0,0.0
1684,HIS,157,157,0,2,0,0.0
1685,PRO,161,161,0,2,0,0.0
1686,PHE,162,162,0,2,0,0.0
1687,VAL,163,163,0,2,0,0.0
1688,ARG,167,167,0,2,0,0.0
1689,MET,182,182,0,2,0,0.0
1690,VAL,184,184,0,2,0,0.0
1691,ALA,185,185,0,2,0,0.659
1692,PRO,186,186,0,2,0,0.448
1693,THR,188,188,0,2,0,0.0
1694,VAL,189,189,0,2,2,0.0
1695,ASN,190,190,0,2,0,0.0
1696,ASN,190,190,0,2,2,0.0
1697,THR,191,191,0,2,0,0.0
1698,THR,191,191,0,2,2,1.55
1699,GLU,192,192,0,2,0,0.0
1700,GLU,192,192,0,2,2,0.0
1701,GLY,193,193,0,2,0,0.0
1702,ALA,194,194,0,2,0,0.0
1703,PRO,195,195,0,2,0,0.0
1704,PRO,195,195,0,2,2,0.0
1705,GLN,196,196,0,2,2,3.59
1706,LYS,198,198,0,2,0,1.15
1707,TYR,200,200,0,2,0,0.223
1708,ASN,202,202,0,2,0,0.0
1709,GLU,213,213,0,2,0,5.42
1710,SER,216,216,0,2,0,0.492
1711,GLU,218,218,0,2,0,3.7
1712,GLY,1,1,0,3,0,7.24
1713,ILE,2,2,0,3,0,2.76
1714,PHE,3,3,0,3,0,0.644
1715,PRO,4,4,0,3,0,0.0883
1716,VAL,5,5,0,3,0,1.49
1717,ALA,6,6,0,3,0,2.05
1718,CYS,7,7,0,3,0,6.01
1719,SER,8,8,0,3,0,1.77
1720,ASP,9,9,0,3,0,1.49
1721,TYR,11,11,0,3,0,2.76
1722,GLY,12,12,0,3,0,1.52
1723,GLY,13,13,0,3,0,0.0
1724,LEU,14,14,0,3,0,0.0
1725,VAL,15,15,0,3,0,1.45
1726,THR,16,16,0,3,0,0.997
1727,THR,17,17,0,3,0,3.64
1728,ASP,18,18,0,3,0,3.96
1729,PRO,19,19,0,3,0,0.851
1730,LYS,20,20,0,3,0,0.0
1731,THR,21,21,0,3,0,2.36
1732,ALA,22,22,0,3,0,5.79
1733,ASP,23,23,0,3,0,3.62
1734,PRO,24,24,0,3,0,1.99
1735,VAL,25,25,0,3,0,5.27
1736,TYR,26,26,0,3,0,2.73
1737,GLY,27,27,0,3,0,0.317
1738,LYS,28,28,0,3,0,2.35
1739,VAL,29,29,0,3,0,2.36
1740,PHE,30,30,0,3,0,1.01
1741,ASN,31,31,0,3,0,4.4
1742,PRO,32,32,0,3,0,0.305
1743,PRO,33,33,0,3,0,0.0
1744,ARG,34,34,0,3,0,7.45
1745,ASN,35,35,0,3,0,1.56
1746,GLN,36,36,0,3,0,0.0
1747,LEU,37,37,0,3,0,0.0406
1748,PRO,38,38,0,3,0,0.407
1749,GLY,39,39,0,3,0,1.83
1750,ARG,40,40,0,3,0,3.37
1751,PHE,41,41,0,3,0,4.81
1752,THR,42,42,0,3,0,10.2
1753,ASN,43,43,0,3,0,2.25
1754,LEU,44,44,0,3,0,1.28
1755,LEU,45,45,0,3,0,2.34
1756,ASP,46,46,0,3,0,7.28
1757,VAL,47,47,0,3,0,0.0
1758,GLU,49,49,0,3,0,0.976
1759,ALA,50,50,0,3,0,0.0
1760,CYS,51,51,0,3,0,0.484
1761,PRO,52,52,0,3,0,1.23
1762,THR,53,53,0,3,0,0.0
1763,PHE,54,54,0,3,0,0.39
1764,LEU,55,55,0,3,0,0.0
1765,ARG,56,56,0,3,0,0.0
1766,GLY,60,60,0,3,0,0.0
1767,VAL,61,61,0,3,0,0.0
1768,PRO,62,62,0,3,0,0.993
1769,TYR,63,63,0,3,0,0.451
1770,ARG,72,72,0,3,0,0.0
1771,ASP,78,78,0,3,0,0.0
1772,SER,80,80,0,3,0,0.0
1773,ALA,82,82,0,3,0,0.996
1774,ALA,83,83,0,3,0,0.0
1775,LYS,84,84,0,3,0,1.66
1776,HIS,85,85,0,3,0,0.0
1777,SER,87,87,0,3,0,1.75
1778,ASN,88,88,0,3,0,6.52
1779,THR,89,89,0,3,0,0.144
1780,PHE,90,90,0,3,0,0.0
1781,ALA,92,92,0,3,0,0.0
1782,GLY,93,93,0,3,0,0.0
1783,LEU,94,94,0,3,0,0.434
1784,GLN,96,96,0,3,0,0.697
1785,TYR,97,97,0,3,0,0.219
1786,TYR,98,98,0,3,0,0.963
1787,THR,104,104,0,3,0,0.0
1788,ASN,106,106,0,3,0,0.0
1789,HIS,108,108,0,3,0,0.0
1790,MET,110,110,0,3,0,0.0
1791,PHE,111,111,0,3,0,0.413
1792,THR,112,112,0,3,0,1.27
1793,GLY,113,113,0,3,0,1.2
1794,PRO,114,114,0,3,0,0.0
1795,THR,115,115,0,3,0,4.7
1796,ASP,116,116,0,3,0,0.276
1797,ALA,117,117,0,3,0,0.0
1798,LYS,118,118,0,3,0,1.27
1799,ALA,119,119,0,3,0,0.0
1800,ARG,120,120,0,3,0,0.308
1801,MET,122,122,0,3,0,0.0
1802,PRO,136,136,0,3,0,0.0
1803,GLU,137,137,0,3,0,0.0
1804,ALA,140,140,0,3,0,1.23
1805,HIS,141,141,0,3,0,0.253
1806,CYS,142,142,0,3,0,0.0
1807,ILE,143,143,0,3,0,0.0
1808,HIS,144,144,0,3,0,3.68
1809,ALA,145,145,0,3,0,0.197
1810,GLU,146,146,0,3,0,2.44
1811,TRP,147,147,0,3,0,0.0
1812,ASP,148,148,0,3,0,8.03
1813,THR,149,149,0,3,0,0.0
1814,GLY,150,150,0,3,0,0.0
1815,LEU,151,151,0,3,0,0.0
1816,ASN,152,152,0,3,0,2.16
1817,SER,153,153,0,3,0,0.585
1818,LYS,154,154,0,3,0,4.3
1819,PHE,155,155,0,3,0,0.0
1820,THR,156,156,0,3,0,0.793
1821,PHE,157,157,0,3,0,0.0
1822,SER,158,158,0,3,0,1.01
1823,ILE,159,159,0,3,0,0.0
1824,PRO,160,160,0,3,0,0.564
1825,ASP,166,166,0,3,0,0.0
1826,TYR,167,167,0,3,0,0.0
1827,TYR,169,169,0,3,0,0.0
1828,ALA,171,171,0,3,0,0.0
1829,SER,172,172,0,3,0,3.79
1830,ASP,173,173,0,3,0,6.25
1831,VAL,174,174,0,3,0,1.13
1832,GLU,176,176,0,3,0,0.237
1833,THR,177,177,0,3,0,0.0
1834,THR,178,178,0,3,0,0.0
1835,ASN,179,179,0,3,0,0.0
1836,ILE,189,189,0,3,0,0.0
1837,THR,190,190,0,3,0,1.37
1838,HIS,191,191,0,3,0,0.0
1839,GLY,192,192,0,3,0,0.455
1840,LYS,193,193,0,3,0,0.0
1841,GLY,196,196,0,3,0,0.0
1842,ASP,197,197,0,3,0,0.0
1843,ALA,198,198,0,3,0,0.0
1844,VAL,200,200,0,3,0,0.0
1845,LEU,202,202,0,3,0,0.0
1846,SER,204,204,0,3,0,0.0
1847,ALA,205,205,0,3,0,0.0
1848,GLY,206,206,0,3,0,0.099
1849,LYS,207,207,0,3,0,1.29
1850,ASP,208,208,0,3,0,3.48
1851,PHE,209,209,0,3,0,1.5
1852,GLU,210,210,0,3,0,0.384
1853,LEU,211,211,0,3,0,0.0
1854,ARG,212,212,0,3,0,0.864
1855,LEU,213,213,0,3,0,2.95
1856,PRO,214,214,0,3,0,2.29
1857,VAL,215,215,0,3,0,0.0
1858,ASP,216,216,0,3,0,0.0922
1859,ALA,217,217,0,3,0,0.0
1860,ARG,218,218,0,3,0,0.0
1861,ALA,219,219,0,3,0,0.267
1862,GLU,220,220,0,3,0,5.06
1863,SER,15,15,0,4,0,0.0
1864,GLY,16,16,0,4,0,0.0
1865,ASN,17,17,0,4,0,1.53
1866,THR,18,18,0,4,0,0.0
1867,GLY,19,19,0,4,0,2.84
1868,SER,20,20,0,4,0,0.251
1869,ILE,21,21,0,4,0,3.81
1870,ILE,22,22,0,4,0,1.38
1871,ASN,23,23,0,4,0,1.22
1872,ASN,24,24,0,4,0,1.14
1873,TYR,25,25,0,4,0,3.07
1874,TYR,26,26,0,4,0,1.09
1875,MET,27,27,0,4,0,2.03
1876,GLN,29,29,0,4,0,0.898
1877,TYR,30,30,0,4,0,3.06
1878,GLN,31,31,0,4,0,2.18
1879,ASN,32,32,0,4,0,0.0
1880,SER,33,33,0,4,0,1.83
1881,MET,34,34,0,4,0,4.08
1882,ASP,35,35,0,4,0,3.96
1883,THR,36,36,0,4,0,0.383
1884,GLN,37,37,0,4,0,0.0
1885,LEU,38,38,0,4,0,1.04
1886,ASN,65,65,0,4,0,20.8
1887,ASP,66,66,0,4,0,0.0
1888,TRP,67,67,0,4,0,0.0
1889,PHE,68,68,0,4,0,0.0336
1890,SER,69,69,0,4,0,0.0
1891,LEU,71,71,0,4,0,0.0
1892,ALA,72,72,0,4,0,0.0
1893,SER,77,77,0,4,0,0.0
1894,LEU,79,79,0,4,0,0.0
1895,PHE,80,80,0,4,0,0.0
1896,GLY,81,81,0,4,0,5.63
1897,ALA,82,82,0,4,0,2.42
1898,LEU,83,83,0,4,0,0.0
1899,LEU,84,84,0,4,0,3.18
1900,ALA,85,85,0,4,0,0.0
2717,SER,1003,3,1,1,0,0.0
2718,GLN,1004,4,1,1,0,1.54
2719,GLN,1005,5,1,1,0,0.0
2720,THR,1006,6,1,1,0,1.74
2721,VAL,1007,7,1,1,0,0.0
2722,TRP,1008,8,1,1,0,0.91
2723,ASN,1009,9,1,1,0,0.0
2724,GLN,1010,10,1,1,0,2.0
2725,LEU,1018,18,1,1,29,0.0
2726,ASN,1019,19,1,1,29,0.0
2727,ASN,1019,19,1,1,18,0.0
2728,PHE,1020,20,1,1,29,0.0
2729,ASP,1021,21,1,1,29,2.42
2730,SER,1023,23,1,1,19,0.0
2731,LYS,1024,24,1,1,18,0.0
2732,LYS,1024,24,1,1,19,0.0
2733,GLN,1025,25,1,1,19,0.0
2734,LYS,1043,43,1,1,18,0.0
2735,LYS,1043,43,1,1,5,2.09
2736,LYS,1043,43,1,1,13,0.0
2737,THR,1044,44,1,1,18,1.04
2738,GLY,1045,45,1,1,18,1.05
2739,GLY,1045,45,1,1,5,0.0
2740,ASP,1046,46,1,1,18,0.0
2741,ASP,1046,46,1,1,5,0.0
2742,GLN,1052,52,1,1,0,0.0
2743,ASN,1053,53,1,1,0,0.0
2744,SER,1054,54,1,1,0,0.0
2745,CYS,1069,69,1,1,0,0.0
2746,LYS,1073,73,1,1,0,0.0
2747,VAL,1075,75,1,1,0,0.0
2748,MET,1076,76,1,1,0,0.0
2749,SER,1077,77,1,1,0,0.0
2750,GLY,1078,78,1,1,0,0.678
2751,ALA,1080,80,1,1,0,2.31
2752,ALA,1081,81,1,1,0,0.0
2753,VAL,1082,82,1,1,0,0.0
2754,LYS,1083,83,1,1,0,0.571
2755,ARG,1084,84,1,1,0,0.0
2756,SER,1085,85,1,1,0,0.405
2757,ASP,1086,86,1,1,0,0.568
2758,TRP,1087,87,1,1,0,0.0
2759,ALA,1088,88,1,1,0,1.96
2760,SER,1089,89,1,1,0,0.0
2761,LEU,1090,90,1,1,0,0.934
2762,GLN,1092,92,1,1,0,0.0
2763,LEU,1095,95,1,1,0,0.0
2764,ASN,1097,97,1,1,0,0.0
2765,SER,1098,98,1,1,0,0.0
2766,SER,1100,100,1,1,0,0.0
2767,GLU,1102,102,1,1,0,0.64
2768,HIS,1103,103,1,1,0,0.594
2769,PHE,1104,104,1,1,0,1.68
2770,ASP,1105,105,1,1,0,0.0
2771,ALA,1106,106,1,1,0,0.363
2772,CYS,1107,107,1,1,0,0.548
2773,ARG,1108,108,1,1,0,1.96
2774,TRP,1109,109,1,1,0,0.0
2775,THR,1110,110,1,1,0,0.0
2776,LYS,1111,111,1,1,0,0.0
2777,SER,1112,112,1,1,0,4.0
2778,PRO,1114,114,1,1,0,0.0
2779,HIS,1115,115,1,1,0,0.805
2780,SER,1116,116,1,1,0,2.95
2781,GLU,1118,118,1,1,0,0.0
2782,PHE,1121,121,1,1,0,0.0
2783,PRO,1122,122,1,1,0,1.74
2784,ILE,1123,123,1,1,0,0.0
2785,GLU,1124,124,1,1,0,0.393
2786,VAL,1125,125,1,1,0,0.0
2787,CYS,1126,126,1,1,0,1.14
2788,GLY,1127,127,1,1,0,0.0
2789,PRO,1128,128,1,1,0,13.6
2790,ASN,1129,129,1,1,0,1.4
2791,ASN,1130,130,1,1,0,0.0
2792,GLY,1131,131,1,1,0,0.0
2793,GLU,1133,133,1,1,0,1.76
2794,GLU,1138,138,1,1,0,1.49
2795,TRP,1139,139,1,1,0,7.07
2796,ALA,1140,140,1,1,0,1.26
2797,ASN,1141,141,1,1,0,4.87
2798,GLN,1142,142,1,1,0,0.0
2799,THR,1143,143,1,1,0,0.0
2800,TRP,1145,145,1,1,0,0.0
2801,ASP,1152,152,1,1,0,0.0
2802,LYS,1155,155,1,1,29,2.35
2803,ASP,1161,161,1,1,0,0.0
2804,LEU,1163,163,1,1,0,0.0
2805,GLN,2022,22,2,2,0,2.41
2806,GLY,2023,23,2,2,0,0.0
2807,THR,2024,24,2,2,0,0.0
2808,SER,2025,25,2,2,4,0.0
2809,ARG,2026,26,2,2,0,0.0
2810,LYS,2042,42,2,2,15,4.18
2811,LYS,2042,42,2,2,14,4.07
2812,LYS,2042,42,2,2,11,0.0
2813,ARG,2058,58,2,2,0,0.0
2814,TYR,2059,59,2,2,0,6.67
2815,TYR,2075,75,2,2,0,3.11
2816,LYS,2077,77,2,2,0,0.0
2817,THR,2079,79,2,2,0,1.48
2818,ILE,2084,84,2,2,0,2.23
2819,ALA,2085,85,2,2,0,0.0
2820,PHE,2086,86,2,2,0,0.0
2821,ASN,2088,88,2,2,0,3.13
2822,LEU,2089,89,2,2,0,0.0
2823,ASP,2091,91,2,2,18,0.0
2824,ASP,2092,92,2,2,18,0.0
2825,THR,2093,93,2,2,0,1.94
2826,ILE,2094,94,2,2,0,0.0
2827,ASN,2095,95,2,2,0,8.01
2828,PHE,2096,96,2,2,0,0.0
2829,GLU,2097,97,2,2,0,1.81
2830,ALA,2098,98,2,2,0,4.3
2831,PHE,2099,99,2,2,0,0.791
2832,PRO,2100,100,2,2,0,0.0
2833,HIS,2101,101,2,2,0,1.25
2834,LYS,2102,102,2,2,0,0.0
2835,LEU,2103,103,2,2,0,4.37
2836,VAL,2104,104,2,2,0,0.0
2837,GLN,2105,105,2,2,0,12.1
2838,PHE,2106,106,2,2,0,0.0
2839,GLU,2108,108,2,2,0,0.384
2840,GLU,2111,111,2,2,0,0.0
2841,LYS,2112,112,2,2,0,0.0
2842,VAL,2113,113,2,2,0,3.78
2843,VAL,2114,114,2,2,0,0.0
2844,LEU,2115,115,2,2,0,0.108
2845,GLU,2120,120,2,2,0,3.62
2846,GLU,2121,121,2,2,0,3.1
2847,PHE,2122,122,2,2,0,0.0
2848,LEU,2123,123,2,2,0,2.99
2849,THR,2124,124,2,2,0,11.7
2850,ALA,2125,125,2,2,0,2.19
2851,TRP,2126,126,2,2,0,0.0
2852,SER,2127,127,2,2,0,1.26
2853,VAL,2130,130,2,2,0,1.84
2854,ARG,2131,131,2,2,0,0.596
2855,PRO,2132,132,2,2,0,0.0
2856,THR,2134,134,2,2,0,0.0
2857,LEU,2137,137,2,2,0,0.171
2858,ALA,2138,138,2,2,0,2.1
2859,ASP,2139,139,2,2,0,0.0
2860,GLY,2140,140,2,2,0,5.55
2861,CYS,2141,141,2,2,0,0.0
2862,HIS,2149,149,2,2,0,1.86
2863,ASP,2150,150,2,2,0,2.85
2864,SER,2151,151,2,2,0,0.12
2865,SER,2152,152,2,2,0,0.0
2866,VAL,2153,153,2,2,0,5.3
2867,SER,2154,154,2,2,0,0.00984
2868,THR,2155,155,2,2,0,3.09
2869,THR,2155,155,2,2,5,0.0
2870,THR,2155,155,2,2,2,0.0
2871,ILE,2156,156,2,2,0,0.0
2872,ILE,2156,156,2,2,5,0.0
2873,ILE,2156,156,2,2,2,0.0
2874,PRO,2157,157,2,2,0,0.0
2875,PRO,2157,157,2,2,8,0.0
2876,PRO,2157,157,2,2,4,1.78
2877,PRO,2157,157,2,2,14,0.0
2878,PRO,2157,157,2,2,5,3.96
2879,PRO,2157,157,2,2,2,1.24
2880,PRO,2157,157,2,2,18,1.04
2881,TYR,2175,175,2,2,0,0.0
2882,GLY,2176,176,2,2,0,0.0
2883,PRO,2179,179,2,2,0,0.0
2884,GLY,2180,180,2,2,0,1.68
2885,ILE,2181,181,2,2,0,0.0
2886,SER,2182,182,2,2,0,0.636
2887,THR,2189,189,2,2,11,0.0
2888,ILE,2190,190,2,2,11,0.0
2889,PRO,2191,191,2,2,11,0.0
2890,GLN,2192,192,2,2,4,0.0
2891,MET,3001,1,3,2,0,0.0
2892,GLU,3002,2,3,2,0,5.34
2893,THR,3003,3,3,2,0,4.08
2894,LEU,3005,5,3,2,0,5.34
2895,PHE,3006,6,3,2,0,3.9
2896,LEU,3008,8,3,2,0,0.403
2897,SER,3009,9,3,2,0,1.21
2898,LEU,3010,10,3,2,0,12.6
2899,ASP,3011,11,3,2,0,0.0
2900,ASP,3012,12,3,2,0,0.0
2901,VAL,3013,13,3,2,0,5.32
2902,LYS,3017,17,3,2,0,0.0
2903,SER,3019,19,3,2,0,0.0
2904,MET,3020,20,3,2,0,1.62
2905,LEU,3021,21,3,2,0,5.8
2906,ASP,3022,22,3,2,0,0.0
2907,LYS,3024,24,3,2,0,0.0
2908,GLN,3027,27,3,2,0,1.85
2909,LYS,3029,29,3,2,0,0.0
2910,PRO,3033,33,3,2,8,3.01
2911,PRO,3033,33,3,2,15,0.0
2912,LYS,3034,34,3,2,8,2.39
2913,LYS,3034,34,3,2,4,1.5
2914,LYS,3034,34,3,2,15,8.03
2915,LYS,3034,34,3,2,14,1.24
2916,LYS,3034,34,3,2,5,0.0
2917,ASN,3035,35,3,2,8,11.0
2918,ASN,3035,35,3,2,4,0.0
2919,ASN,3035,35,3,2,15,15.3
2920,ASN,3035,35,3,2,14,4.24
2921,ASN,3035,35,3,2,2,0.0
2922,THR,3036,36,3,2,8,0.0
2923,VAL,3037,37,3,2,8,0.0
2924,VAL,3037,37,3,2,2,0.0
2925,ILE,3041,41,3,2,8,0.0
2926,LEU,3042,42,3,2,2,0.0
2927,GLU,3053,53,3,2,0,0.0
2928,GLY,3054,54,3,2,0,0.0
2929,ASN,3055,55,3,2,0,3.75
2930,PHE,3056,56,3,2,0,3.36
2931,ARG,3057,57,3,2,0,6.94
2932,VAL,3060,60,3,2,0,2.97
2933,ASP,3061,61,3,2,0,0.138
2934,GLN,3063,63,3,2,0,0.0
2935,ARG,3064,64,3,2,0,9.61
2936,THR,3065,65,3,2,0,1.22
2937,HIS,3066,66,3,2,0,4.19
2938,ARG,3067,67,3,2,0,0.0
2939,VAL,3075,75,3,2,0,0.0
2940,THR,3077,77,3,2,0,4.36
2941,VAL,3078,78,3,2,0,0.0
2942,GLY,3079,79,3,2,0,4.53
2943,ILE,3080,80,3,2,0,0.0
2944,PRO,3081,81,3,2,0,1.73
2945,GLU,3082,82,3,2,0,0.386
2946,ASN,3083,83,3,2,0,2.02
2947,THR,3084,84,3,2,0,1.08
2948,ARG,3099,99,3,2,8,0.0
2949,GLU,3113,113,3,2,0,0.0
2950,LEU,3114,114,3,2,0,0.0
2951,TRP,3115,115,3,2,0,0.0
2952,CYS,3119,119,3,2,0,0.0
2953,THR,3120,120,3,2,0,0.0
2954,LYS,3121,121,3,2,0,10.8
2955,ALA,3122,122,3,2,0,1.65
2956,MET,3123,123,3,2,0,0.0
2957,THR,3124,124,3,2,0,2.45
2958,ASN,3130,130,3,2,0,0.0
2959,ALA,3135,135,3,2,0,0.0
2960,TRP,3136,136,3,2,0,2.93
2961,SER,3137,137,3,2,0,0.0
2962,GLU,3139,139,3,2,0,1.54
2963,PHE,3140,140,3,2,0,0.0
2964,ARG,3143,143,3,2,0,1.74
2965,TRP,3156,156,3,2,4,0.0
2966,TRP,3156,156,3,2,14,0.0
2967,THR,3157,157,3,2,8,0.0
2968,THR,3157,157,3,2,4,5.89
2969,THR,3157,157,3,2,14,0.0
2970,ALA,3158,158,3,2,0,0.0
2971,ALA,3158,158,3,2,8,0.0
2972,ALA,3158,158,3,2,4,4.71
2973,ALA,3158,158,3,2,14,0.0
2974,THR,3159,159,3,2,8,6.93
2975,THR,3159,159,3,2,4,9.36
2976,THR,3159,159,3,2,15,5.33
2977,THR,3159,159,3,2,14,19.0
2978,PRO,3160,160,3,2,0,0.0
2979,PRO,3160,160,3,2,8,0.0
2980,PRO,3160,160,3,2,14,0.0
2981,MET,3161,161,3,2,0,1.59
2982,MET,3161,161,3,2,8,7.23
2983,MET,3161,161,3,2,4,14.2
2984,MET,3161,161,3,2,15,3.89
2985,MET,3161,161,3,2,14,6.01
2986,MET,3161,161,3,2,27,1.22
2987,GLN,3162,162,3,2,0,0.765
2988,GLN,3162,162,3,2,8,13.1
2989,GLN,3162,162,3,2,4,1.06
2990,GLN,3162,162,3,2,15,3.83
2991,GLN,3162,162,3,2,14,0.0
2992,GLN,3162,162,3,2,5,0.0
2993,GLN,3162,162,3,2,27,0.0
2994,ASP,3163,163,3,2,0,0.0
2995,VAL,3164,164,3,2,0,0.0
2996,GLN,3165,165,3,2,0,0.12
2997,VAL,3166,166,3,2,0,0.0
2998,THR,3167,167,3,2,0,1.21
2999,ASP,3169,169,3,2,0,0.631
3000,PHE,3171,171,3,2,0,1.31
