line,res,num,chain,ncs,buried_area,seq_num,residue_seq,observed
1490,THR,1,1,0,0.0,1,THR1,THR1_1_ncs0
1491,THR,2,1,0,1.36,2,THR2,THR2_1_ncs0
1492,SER,3,1,0,1.25,3,SER3,SER3_1_ncs0
1493,ALA,4,1,0,0.0,4,ALA4,ALA4_1_ncs0
1494,GLY,5,1,0,2.71,5,GLY5,GLY5_1_ncs0
1495,GLU,6,1,0,0.582,6,GLU6,GLU6_1_ncs0
1496,ASP,9,1,0,0.0,9,ASP9,ASP9_1_ncs0
1497,PRO,10,1,0,0.0,10,PRO10,PRO10_1_ncs0
1498,VAL,11,1,0,0.0,11,VAL11,VAL11_1_ncs0
1499,THR,12,1,0,1.29,12,THR12,THR12_1_ncs0
1500,THR,13,1,0,0.795,13,THR13,THR13_1_ncs0
1501,THR,14,1,0,0.0723,14,THR14,THR14_1_ncs0
1502,VAL,15,1,0,0.0,15,VAL15,VAL15_1_ncs0
1503,ASN,17,1,0,0.0,17,ASN17,ASN17_1_ncs0
1504,TYR,18,1,0,1.51,18,TYR18,TYR18_1_ncs0
1505,GLY,19,1,0,0.0,19,GLY19,GLY19_1_ncs0
1506,GLY,20,1,0,2.72,20,GLY20,GLY20_1_ncs0
1507,GLU,21,1,0,1.38,21,GLU21,GLU21_1_ncs0
1508,THR,22,1,0,0.0,22,THR22,THR22_1_ncs0
1509,GLN,23,1,0,1.48,23,GLN23,GLN23_1_ncs0
1510,ILE,24,1,0,0.0,24,ILE24,ILE24_1_ncs0
1511,GLN,25,1,0,1.99,25,GLN25,GLN25_1_ncs0
1512,ARG,26,1,0,0.382,26,ARG26,ARG26_1_ncs0
1513,ARG,27,1,0,4.86,27,ARG27,ARG27_1_ncs0
1514,GLN,28,1,0,0.0,28,GLN28,GLN28_1_ncs0
1515,HIS,29,1,0,5.21,29,HIS29,HIS29_1_ncs0
1516,THR,30,1,0,3.58,30,THR30,THR30_1_ncs0
1517,ASP,31,1,0,0.0,31,ASP31,ASP31_1_ncs0
1518,VAL,32,1,0,1.02,32,VAL32,VAL32_1_ncs0
1519,SER,33,1,0,0.0,33,SER33,SER33_1_ncs0
1520,PHE,34,1,0,0.699,34,PHE34,PHE34_1_ncs0
1521,ILE,35,1,0,0.855,35,ILE35,ILE35_1_ncs0
1522,ARG,38,1,0,1.66,38,ARG38,ARG38_1_ncs0
1523,PHE,39,1,0,1.67,39,PHE39,PHE39_1_ncs0
1524,VAL,40,1,0,0.0,40,VAL40,VAL40_1_ncs0
1525,LYS,41,1,0,1.06,41,LYS41,LYS41_1_ncs0
1526,ILE,50,1,0,0.389,50,ILE50,ILE50_1_ncs0
1527,ASP,52,1,0,0.066,52,ASP52,ASP52_1_ncs0
1528,SER,58,1,0,0.0,58,SER58,SER58_1_ncs0
1529,HIS,59,1,0,3.17,59,HIS59,HIS59_1_ncs0
1530,THR,60,1,0,0.0,60,THR60,THR60_1_ncs0
1531,LEU,61,1,0,0.311,61,LEU61,LEU61_1_ncs0
1532,VAL,62,1,0,0.0,62,VAL62,VAL62_1_ncs0
1533,GLY,64,1,0,0.0,64,GLY64,GLY64_1_ncs0
1534,LEU,65,1,0,0.0,65,LEU65,LEU65_1_ncs0
1535,ALA,68,1,0,0.0,68,ALA68,ALA68_1_ncs0
1536,SER,69,1,0,0.0,69,SER69,SER69_1_ncs0
1537,PHE,73,1,0,0.0,73,PHE73,PHE73_1_ncs0
1538,GLU,77,1,0,2.51,77,GLU77,GLU77_1_ncs0
1539,ALA,79,1,0,0.0,79,ALA79,ALA79_1_ncs0
1540,LYS,81,1,0,0.0,81,LYS81,LYS81_1_ncs0
1541,ASP,85,1,0,0.0,85,ASP85,ASP85_1_ncs0
1542,TRP,88,1,0,0.0,88,TRP88,TRP88_1_ncs0
1543,VAL,89,1,0,0.0,89,VAL89,VAL89_1_ncs0
1544,PRO,90,1,0,0.0,90,PRO90,PRO90_1_ncs0
1545,ASN,91,1,0,0.0,91,ASN91,ASN91_1_ncs0
1546,GLY,92,1,0,0.0,92,GLY92,GLY92_1_ncs0
1547,ALA,93,1,0,1.33,93,ALA93,ALA93_1_ncs0
1548,PRO,94,1,0,0.0,94,PRO94,PRO94_1_ncs0
1549,GLU,95,1,0,1.08,95,GLU95,GLU95_1_ncs0
1550,LYS,96,1,0,0.0,96,LYS96,LYS96_1_ncs0
1551,LEU,98,1,0,0.0,98,LEU98,LEU98_1_ncs0
1552,THR,101,1,0,1.06,101,THR101,THR101_1_ncs0
1553,THR,102,1,0,2.34,102,THR102,THR102_1_ncs0
1554,PRO,104,1,0,0.983,104,PRO104,PRO104_1_ncs0
1555,TYR,107,1,0,1.33,107,TYR107,TYR107_1_ncs0
1556,HIS,108,1,0,0.0,108,HIS108,HIS108_1_ncs0
1557,LYS,109,1,0,0.0,109,LYS109,LYS109_1_ncs0
1558,LEU,112,1,0,0.0,112,LEU112,LEU112_1_ncs0
1559,ARG,114,1,0,4.46,114,ARG114,ARG114_1_ncs0
1560,LEU,115,1,0,0.0,115,LEU115,LEU115_1_ncs0
1561,ALA,116,1,0,0.381,116,ALA116,ALA116_1_ncs0
1562,LEU,117,1,0,0.0,117,LEU117,LEU117_1_ncs0
1563,PRO,118,1,0,0.751,118,PRO118,PRO118_1_ncs0
1564,TYR,119,1,0,0.0,119,TYR119,TYR119_1_ncs0
1565,THR,120,1,0,0.0,120,THR120,THR120_1_ncs0
1566,ALA,121,1,0,0.0,121,ALA121,ALA121_1_ncs0
1567,PRO,122,1,0,0.0,122,PRO122,PRO122_1_ncs0
1568,HIS,123,1,0,0.0,123,HIS123,HIS123_1_ncs0
1569,ARG,124,1,0,0.346,124,ARG124,ARG124_1_ncs0
1570,VAL,125,1,0,0.0,125,VAL125,VAL125_1_ncs0
1571,LEU,159,1,0,0.0,159,LEU159,LEU159_1_ncs0
1572,PRO,160,1,0,0.0,160,PRO160,PRO160_1_ncs0
1573,THR,161,1,0,6.22,161,THR161,THR161_1_ncs0
1574,SER,162,1,0,0.0,162,SER162,SER162_1_ncs0
1575,PHE,163,1,0,0.0,163,PHE163,PHE163_1_ncs0
1576,ASN,164,1,0,0.0,164,ASN164,ASN164_1_ncs0
1577,GLY,166,1,0,0.0,166,GLY166,GLY166_1_ncs0
1578,ALA,167,1,0,0.259,167,ALA167,ALA167_1_ncs0
1579,GLU,175,1,0,1.34,175,GLU175,GLU175_1_ncs0
1580,LEU,177,1,0,0.0,177,LEU177,LEU177_1_ncs0
1581,ARG,179,1,0,1.17,179,ARG179,ARG179_1_ncs0
1582,LYS,181,1,0,0.0,181,LYS181,LYS181_1_ncs0
1583,ARG,182,1,0,0.0,182,ARG182,ARG182_1_ncs0
1584,GLU,184,1,0,3.73,184,GLU184,GLU184_1_ncs0
1585,THR,185,1,0,0.228,185,THR185,THR185_1_ncs0
1586,TYR,186,1,0,3.38,186,TYR186,TYR186_1_ncs0
1587,CYS,187,1,0,1.16,187,CYS187,CYS187_1_ncs0
1588,PRO,188,1,0,1.24,188,PRO188,PRO188_1_ncs0
1589,ARG,189,1,0,0.0,189,ARG189,ARG189_1_ncs0
1590,PRO,190,1,0,0.0,190,PRO190,PRO190_1_ncs0
1591,LEU,191,1,0,0.434,191,LEU191,LEU191_1_ncs0
1592,LEU,192,1,0,0.282,192,LEU192,LEU192_1_ncs0
1593,ALA,193,1,0,0.414,193,ALA193,ALA193_1_ncs0
1594,ILE,194,1,0,2.12,194,ILE194,ILE194_1_ncs0
1595,HIS,195,1,0,0.0,195,HIS195,HIS195_1_ncs0
1596,PRO,196,1,0,2.57,196,PRO196,PRO196_1_ncs0
1597,THR,197,1,0,0.0,197,THR197,THR197_1_ncs0
1598,GLU,198,1,0,0.0,198,GLU198,GLU198_1_ncs0
1599,ALA,199,1,0,0.845,199,ALA199,ALA199_1_ncs0
1600,ARG,200,1,0,2.13,200,ARG200,ARG200_1_ncs0
1601,HIS,201,1,0,0.85,201,HIS201,HIS201_1_ncs0
1602,LYS,202,1,0,0.409,202,LYS202,LYS202_1_ncs0
1603,GLN,203,1,0,3.99,203,GLN203,GLN203_1_ncs0
1604,LYS,204,1,0,1.09,204,LYS204,LYS204_1_ncs0
1605,ILE,205,1,0,4.82,205,ILE205,ILE205_1_ncs0
1606,VAL,206,1,0,1.57,206,VAL206,VAL206_1_ncs0
1607,ALA,207,1,0,2.56,207,ALA207,ALA207_1_ncs0
1608,PRO,208,1,0,4.15,208,PRO208,PRO208_1_ncs0
1609,LEU,9,2,0,13.3,9,LEU9,LEU9_2_ncs0
1610,LEU,10,2,0,0.0,10,LEU10,LEU10_2_ncs0
1611,GLU,11,2,0,0.0,11,GLU11,GLU11_2_ncs0
1612,ASP,12,2,0,0.0,12,ASP12,ASP12_2_ncs0
1613,ILE,14,2,0,6.39,14,ILE14,ILE14_2_ncs0
1614,LEU,15,2,0,0.937,15,LEU15,LEU15_2_ncs0
1615,THR,16,2,0,2.53,16,THR16,THR16_2_ncs0
1616,THR,17,2,0,0.539,17,THR17,THR17_2_ncs0
1617,ARG,18,2,0,0.868,18,ARG18,ARG18_2_ncs0
1618,ASN,19,2,0,0.0,19,ASN19,ASN19_2_ncs0
1619,GLY,20,2,0,0.0,20,GLY20,GLY20_2_ncs0
1620,HIS,21,2,0,3.39,21,HIS21,HIS21_2_ncs0
1621,THR,22,2,0,2.81,22,THR22,THR22_2_ncs0
1622,THR,23,2,0,0.243,23,THR23,THR23_2_ncs0
1623,SER,24,2,0,0.0,24,SER24,SER24_2_ncs0
1624,THR,25,2,0,0.477,25,THR25,THR25_2_ncs0
1625,THR,26,2,0,6.98,26,THR26,THR26_2_ncs0
1626,GLN,27,2,0,2.11,27,GLN27,GLN27_2_ncs0
1627,SER,28,2,0,0.0,28,SER28,SER28_2_ncs0
1628,VAL,32,2,0,0.0,32,VAL32,VAL32_2_ncs0
1629,TYR,34,2,0,0.0,34,TYR34,TYR34_2_ncs0
1630,TYR,36,2,0,0.669,36,TYR36,TYR36_2_ncs0
1631,ALA,37,2,0,0.407,37,ALA37,ALA37_2_ncs0
1632,ASP,41,2,0,0.0,41,ASP41,ASP41_2_ncs0
1633,PHE,42,2,0,0.509,42,PHE42,PHE42_2_ncs0
1634,GLY,45,2,0,0.0,45,GLY45,GLY45_2_ncs0
1635,PRO,46,2,0,0.0,46,PRO46,PRO46_2_ncs0
1636,SER,49,2,0,1.43,49,SER49,SER49_2_ncs0
1637,GLY,50,2,0,0.0,50,GLY50,GLY50_2_ncs0
1638,LEU,51,2,0,2.69,51,LEU51,LEU51_2_ncs0
1639,THR,53,2,0,1.66,53,THR53,THR53_2_ncs0
1640,ARG,54,2,0,0.0,54,ARG54,ARG54_2_ncs0
1641,VAL,55,2,0,0.0,55,VAL55,VAL55_2_ncs0
1642,GLN,57,2,0,1.69,57,GLN57,GLN57_2_ncs0
1643,ARG,60,2,0,3.37,60,ARG60,ARG60_2_ncs0
1644,PHE,61,2,0,0.0,61,PHE61,PHE61_2_ncs0
1645,PHE,62,2,0,0.0,62,PHE62,PHE62_2_ncs0
1646,LYS,63,2,0,2.97,63,LYS63,LYS63_2_ncs0
1647,THR,64,2,0,0.0,64,THR64,THR64_2_ncs0
1648,HIS,65,2,0,0.0,65,HIS65,HIS65_2_ncs0
1649,ASP,68,2,2,0.0,68,ASP68,ASP68_2_ncs2
1650,VAL,70,2,2,3.2,70,VAL70,VAL70_2_ncs2
1651,THR,71,2,2,0.0,71,THR71,THR71_2_ncs2
1652,SER,72,2,2,6.58,72,SER72,SER72_2_ncs2
1653,PHE,75,2,0,0.996,75,PHE75,PHE75_2_ncs0
1654,HIS,87,2,0,0.0,87,HIS87,HIS87_2_ncs0
1655,LYS,88,2,0,4.1,88,LYS88,LYS88_2_ncs0
1656,GLY,89,2,0,0.0,89,GLY89,GLY89_2_ncs0
1657,VAL,90,2,0,0.0,90,VAL90,VAL90_2_ncs0
1658,SER,97,2,0,0.0,97,SER97,SER97_2_ncs0
1659,TYR,98,2,0,0.0,98,TYR98,TYR98_2_ncs0
1660,GLU,108,2,0,0.0,108,GLU108,GLU108_2_ncs0
1661,THR,110,2,0,0.0,110,THR110,THR110_2_ncs0
1662,VAL,112,2,0,0.0,112,VAL112,VAL112_2_ncs0
1663,GLY,113,2,0,0.455,113,GLY113,GLY113_2_ncs0
1664,ASN,114,2,0,0.0,114,ASN114,ASN114_2_ncs0
1665,GLN,115,2,0,3.46,115,GLN115,GLN115_2_ncs0
1666,PHE,116,2,0,0.0,116,PHE116,PHE116_2_ncs0
1667,ASN,117,2,0,0.0,117,ASN117,ASN117_2_ncs0
1668,GLY,118,2,0,0.0,118,GLY118,GLY118_2_ncs0
1669,GLY,119,2,0,0.451,119,GLY119,GLY119_2_ncs0
1670,CYS,120,2,0,0.0,120,CYS120,CYS120_2_ncs0
1671,LEU,122,2,0,0.0,122,LEU122,LEU122_2_ncs0
1672,ARG,135,2,0,2.95,135,ARG135,ARG135_2_ncs0
1673,LEU,137,2,0,0.0,137,LEU137,LEU137_2_ncs0
1674,TYR,138,2,0,2.45,138,TYR138,TYR138_2_ncs0
1675,GLN,139,2,0,1.57,139,GLN139,GLN139_2_ncs0
1676,THR,141,2,0,1.22,141,THR141,THR141_2_ncs0
1677,LEU,142,2,0,0.484,142,LEU142,LEU142_2_ncs0
1678,PHE,147,2,0,0.0,147,PHE147,PHE147_2_ncs0
1679,ASN,149,2,0,0.163,149,ASN149,ASN149_2_ncs0
1680,ARG,151,2,0,1.6,151,ARG151,ARG151_2_ncs0
1681,THR,152,2,0,0.0,152,THR152,THR152_2_ncs0
1682,MET,154,2,0,1.27,154,MET154,MET154_2_ncs0
1683,THR,155,2,0,0.0,155,THR155,THR155_2_ncs0
1684,HIS,157,2,0,0.0,157,HIS157,HIS157_2_ncs0
1685,PRO,161,2,0,0.0,161,PRO161,PRO161_2_ncs0
1686,PHE,162,2,0,0.0,162,PHE162,PHE162_2_ncs0
1687,VAL,163,2,0,0.0,163,VAL163,VAL163_2_ncs0
1688,ARG,167,2,0,0.0,167,ARG167,ARG167_2_ncs0
1689,MET,182,2,0,0.0,182,MET182,MET182_2_ncs0
1690,VAL,184,2,0,0.0,184,VAL184,VAL184_2_ncs0
1691,ALA,185,2,0,0.659,185,ALA185,ALA185_2_ncs0
1692,PRO,186,2,0,0.448,186,PRO186,PRO186_2_ncs0
1693,THR,188,2,0,0.0,188,THR188,THR188_2_ncs0
1694,VAL,189,2,2,0.0,189,VAL189,VAL189_2_ncs2
1695,ASN,190,2,0,0.0,190,ASN190,ASN190_2_ncs0
1696,ASN,190,2,2,0.0,190,ASN190,ASN190_2_ncs2
1697,THR,191,2,0,0.0,191,THR191,THR191_2_ncs0
1698,THR,191,2,2,1.55,191,THR191,THR191_2_ncs2
1699,GLU,192,2,0,0.0,192,GLU192,GLU192_2_ncs0
1700,GLU,192,2,2,0.0,192,GLU192,GLU192_2_ncs2
1701,GLY,193,2,0,0.0,193,GLY193,GLY193_2_ncs0
1702,ALA,194,2,0,0.0,194,ALA194,ALA194_2_ncs0
1703,PRO,195,2,0,0.0,195,PRO195,PRO195_2_ncs0
1704,PRO,195,2,2,0.0,195,PRO195,PRO195_2_ncs2
1705,GLN,196,2,2,3.59,196,GLN196,GLN196_2_ncs2
1706,LYS,198,2,0,1.15,198,LYS198,LYS198_2_ncs0
1707,TYR,200,2,0,0.223,200,TYR200,TYR200_2_ncs0
1708,ASN,202,2,0,0.0,202,ASN202,ASN202_2_ncs0
1709,GLU,213,2,0,5.42,213,GLU213,GLU213_2_ncs0
1710,SER,216,2,0,0.492,216,SER216,SER216_2_ncs0
1711,GLU,218,2,0,3.7,218,GLU218,GLU218_2_ncs0
1712,GLY,1,3,0,7.24,1,GLY1,GLY1_3_ncs0
1713,ILE,2,3,0,2.76,2,ILE2,ILE2_3_ncs0
1714,PHE,3,3,0,0.644,3,PHE3,PHE3_3_ncs0
1715,PRO,4,3,0,0.0883,4,PRO4,PRO4_3_ncs0
1716,VAL,5,3,0,1.49,5,VAL5,VAL5_3_ncs0
1717,ALA,6,3,0,2.05,6,ALA6,ALA6_3_ncs0
1718,CYS,7,3,0,6.01,7,CYS7,CYS7_3_ncs0
1719,SER,8,3,0,1.77,8,SER8,SER8_3_ncs0
1720,ASP,9,3,0,1.49,9,ASP9,ASP9_3_ncs0
1721,TYR,11,3,0,2.76,11,TYR11,TYR11_3_ncs0
1722,GLY,12,3,0,1.52,12,GLY12,GLY12_3_ncs0
1723,GLY,13,3,0,0.0,13,GLY13,GLY13_3_ncs0
1724,LEU,14,3,0,0.0,14,LEU14,LEU14_3_ncs0
1725,VAL,15,3,0,1.45,15,VAL15,VAL15_3_ncs0
1726,THR,16,3,0,0.997,16,THR16,THR16_3_ncs0
1727,THR,17,3,0,3.64,17,THR17,THR17_3_ncs0
1728,ASP,18,3,0,3.96,18,ASP18,ASP18_3_ncs0
1729,PRO,19,3,0,0.851,19,PRO19,PRO19_3_ncs0
1730,LYS,20,3,0,0.0,20,LYS20,LYS20_3_ncs0
1731,THR,21,3,0,2.36,21,THR21,THR21_3_ncs0
1732,ALA,22,3,0,5.79,22,ALA22,ALA22_3_ncs0
1733,ASP,23,3,0,3.62,23,ASP23,ASP23_3_ncs0
1734,PRO,24,3,0,1.99,24,PRO24,PRO24_3_ncs0
1735,VAL,25,3,0,5.27,25,VAL25,VAL25_3_ncs0
1736,TYR,26,3,0,2.73,26,TYR26,TYR26_3_ncs0
1737,GLY,27,3,0,0.317,27,GLY27,GLY27_3_ncs0
1738,LYS,28,3,0,2.35,28,LYS28,LYS28_3_ncs0
1739,VAL,29,3,0,2.36,29,VAL29,VAL29_3_ncs0
1740,PHE,30,3,0,1.01,30,PHE30,PHE30_3_ncs0
1741,ASN,31,3,0,4.4,31,ASN31,ASN31_3_ncs0
1742,PRO,32,3,0,0.305,32,PRO32,PRO32_3_ncs0
1743,PRO,33,3,0,0.0,33,PRO33,PRO33_3_ncs0
1744,ARG,34,3,0,7.45,34,ARG34,ARG34_3_ncs0
1745,ASN,35,3,0,1.56,35,ASN35,ASN35_3_ncs0
1746,GLN,36,3,0,0.0,36,GLN36,GLN36_3_ncs0
1747,LEU,37,3,0,0.0406,37,LEU37,LEU37_3_ncs0
1748,PRO,38,3,0,0.407,38,PRO38,PRO38_3_ncs0
1749,GLY,39,3,0,1.83,39,GLY39,GLY39_3_ncs0
1750,ARG,40,3,0,3.37,40,ARG40,ARG40_3_ncs0
1751,PHE,41,3,0,4.81,41,PHE41,PHE41_3_ncs0
1752,THR,42,3,0,10.2,42,THR42,THR42_3_ncs0
1753,ASN,43,3,0,2.25,43,ASN43,ASN43_3_ncs0
1754,LEU,44,3,0,1.28,44,LEU44,LEU44_3_ncs0
1755,LEU,45,3,0,2.34,45,LEU45,LEU45_3_ncs0
1756,ASP,46,3,0,7.28,46,ASP46,ASP46_3_ncs0
1757,VAL,47,3,0,0.0,47,VAL47,VAL47_3_ncs0
1758,GLU,49,3,0,0.976,49,GLU49,GLU49_3_ncs0
1759,ALA,50,3,0,0.0,50,ALA50,ALA50_3_ncs0
1760,CYS,51,3,0,0.484,51,CYS51,CYS51_3_ncs0
1761,PRO,52,3,0,1.23,52,PRO52,PRO52_3_ncs0
1762,THR,53,3,0,0.0,53,THR53,THR53_3_ncs0
1763,PHE,54,3,0,0.39,54,PHE54,PHE54_3_ncs0
1764,LEU,55,3,0,0.0,55,LEU55,LEU55_3_ncs0
1765,ARG,56,3,0,0.0,56,ARG56,ARG56_3_ncs0
1766,GLY,60,3,0,0.0,60,GLY60,GLY60_3_ncs0
1767,VAL,61,3,0,0.0,61,VAL61,VAL61_3_ncs0
1768,PRO,62,3,0,0.993,62,PRO62,PRO62_3_ncs0
1769,TYR,63,3,0,0.451,63,TYR63,TYR63_3_ncs0
1770,ARG,72,3,0,0.0,72,ARG72,ARG72_3_ncs0
1771,ASP,78,3,0,0.0,78,ASP78,ASP78_3_ncs0
1772,SER,80,3,0,0.0,80,SER80,SER80_3_ncs0
1773,ALA,82,3,0,0.996,82,ALA82,ALA82_3_ncs0
1774,ALA,83,3,0,0.0,83,ALA83,ALA83_3_ncs0
1775,LYS,84,3,0,1.66,84,LYS84,LYS84_3_ncs0
1776,HIS,85,3,0,0.0,85,HIS85,HIS85_3_ncs0
1777,SER,87,3,0,1.75,87,SER87,SER87_3_ncs0
1778,ASN,88,3,0,6.52,88,ASN88,ASN88_3_ncs0
1779,THR,89,3,0,0.144,89,THR89,THR89_3_ncs0
1780,PHE,90,3,0,0.0,90,PHE90,PHE90_3_ncs0
1781,ALA,92,3,0,0.0,92,ALA92,ALA92_3_ncs0
1782,GLY,93,3,0,0.0,93,GLY93,GLY93_3_ncs0
1783,LEU,94,3,0,0.434,94,LEU94,LEU94_3_ncs0
1784,GLN,96,3,0,0.697,96,GLN96,GLN96_3_ncs0
1785,TYR,97,3,0,0.219,97,TYR97,TYR97_3_ncs0
1786,TYR,98,3,0,0.963,98,TYR98,TYR98_3_ncs0
1787,THR,104,3,0,0.0,104,THR104,THR104_3_ncs0
1788,ASN,106,3,0,0.0,106,ASN106,ASN106_3_ncs0
1789,HIS,108,3,0,0.0,108,HIS108,HIS108_3_ncs0
1790,MET,110,3,0,0.0,110,MET110,MET110_3_ncs0
1791,PHE,111,3,0,0.413,111,PHE111,PHE111_3_ncs0
1792,THR,112,3,0,1.27,112,THR112,THR112_3_ncs0
1793,GLY,113,3,0,1.2,113,GLY113,GLY113_3_ncs0
1794,PRO,114,3,0,0.0,114,PRO114,PRO114_3_ncs0
1795,THR,115,3,0,4.7,115,THR115,THR115_3_ncs0
1796,ASP,116,3,0,0.276,116,ASP116,ASP116_3_ncs0
1797,ALA,117,3,0,0.0,117,ALA117,ALA117_3_ncs0
1798,LYS,118,3,0,1.27,118,LYS118,LYS118_3_ncs0
1799,ALA,119,3,0,0.0,119,ALA119,ALA119_3_ncs0
1800,ARG,120,3,0,0.308,120,ARG120,ARG120_3_ncs0
1801,MET,122,3,0,0.0,122,MET122,MET122_3_ncs0
1802,PRO,136,3,0,0.0,136,PRO136,PRO136_3_ncs0
1803,GLU,137,3,0,0.0,137,GLU137,GLU137_3_ncs0
1804,ALA,140,3,0,1.23,140,ALA140,ALA140_3_ncs0
1805,HIS,141,3,0,0.253,141,HIS141,HIS141_3_ncs0
1806,CYS,142,3,0,0.0,142,CYS142,CYS142_3_ncs0
1807,ILE,143,3,0,0.0,143,ILE143,ILE143_3_ncs0
1808,HIS,144,3,0,3.68,144,HIS144,HIS144_3_ncs0
1809,ALA,145,3,0,0.197,145,ALA145,ALA145_3_ncs0
1810,GLU,146,3,0,2.44,146,GLU146,GLU146_3_ncs0
1811,TRP,147,3,0,0.0,147,TRP147,TRP147_3_ncs0
1812,ASP,148,3,0,8.03,148,ASP148,ASP148_3_ncs0
1813,THR,149,3,0,0.0,149,THR149,THR149_3_ncs0
1814,GLY,150,3,0,0.0,150,GLY150,GLY150_3_ncs0
1815,LEU,151,3,0,0.0,151,LEU151,LEU151_3_ncs0
1816,ASN,152,3,0,2.16,152,ASN152,ASN152_3_ncs0
1817,SER,153,3,0,0.585,153,SER153,SER153_3_ncs0
1818,LYS,154,3,0,4.3,154,LYS154,LYS154_3_ncs0
1819,PHE,155,3,0,0.0,155,PHE155,PHE155_3_ncs0
1820,THR,156,3,0,0.793,156,THR156,THR156_3_ncs0
1821,PHE,157,3,0,0.0,157,PHE157,PHE157_3_ncs0
1822,SER,158,3,0,1.01,158,SER158,SER158_3_ncs0
1823,ILE,159,3,0,0.0,159,ILE159,ILE159_3_ncs0
1824,PRO,160,3,0,0.564,160,PRO160,PRO160_3_ncs0
1825,ASP,166,3,0,0.0,166,ASP166,ASP166_3_ncs0
1826,TYR,167,3,0,0.0,167,TYR167,TYR167_3_ncs0
1827,TYR,169,3,0,0.0,169,TYR169,TYR169_3_ncs0
1828,ALA,171,3,0,0.0,171,ALA171,ALA171_3_ncs0
1829,SER,172,3,0,3.79,172,SER172,SER172_3_ncs0
1830,ASP,173,3,0,6.25,173,ASP173,ASP173_3_ncs0
1831,VAL,174,3,0,1.13,174,VAL174,VAL174_3_ncs0
1832,GLU,176,3,0,0.237,176,GLU176,GLU176_3_ncs0
1833,THR,177,3,0,0.0,177,THR177,THR177_3_ncs0
1834,THR,178,3,0,0.0,178,THR178,THR178_3_ncs0
1835,ASN,179,3,0,0.0,179,ASN179,ASN179_3_ncs0
1836,ILE,189,3,0,0.0,189,ILE189,ILE189_3_ncs0
1837,THR,190,3,0,1.37,190,THR190,THR190_3_ncs0
1838,HIS,191,3,0,0.0,191,HIS191,HIS191_3_ncs0
1839,GLY,192,3,0,0.455,192,GLY192,GLY192_3_ncs0
1840,LYS,193,3,0,0.0,193,LYS193,LYS193_3_ncs0
1841,GLY,196,3,0,0.0,196,GLY196,GLY196_3_ncs0
1842,ASP,197,3,0,0.0,197,ASP197,ASP197_3_ncs0
1843,ALA,198,3,0,0.0,198,ALA198,ALA198_3_ncs0
1844,VAL,200,3,0,0.0,200,VAL200,VAL200_3_ncs0
1845,LEU,202,3,0,0.0,202,LEU202,LEU202_3_ncs0
1846,SER,204,3,0,0.0,204,SER204,SER204_3_ncs0
1847,ALA,205,3,0,0.0,205,ALA205,ALA205_3_ncs0
1848,GLY,206,3,0,0.099,206,GLY206,GLY206_3_ncs0
1849,LYS,207,3,0,1.29,207,LYS207,LYS207_3_ncs0
1850,ASP,208,3,0,3.48,208,ASP208,ASP208_3_ncs0
1851,PHE,209,3,0,1.5,209,PHE209,PHE209_3_ncs0
1852,GLU,210,3,0,0.384,210,GLU210,GLU210_3_ncs0
1853,LEU,211,3,0,0.0,211,LEU211,LEU211_3_ncs0
1854,ARG,212,3,0,0.864,212,ARG212,ARG212_3_ncs0
1855,LEU,213,3,0,2.95,213,LEU213,LEU213_3_ncs0
1856,PRO,214,3,0,2.29,214,PRO214,PRO214_3_ncs0
1857,VAL,215,3,0,0.0,215,VAL215,VAL215_3_ncs0
1858,ASP,216,3,0,0.0922,216,ASP216,ASP216_3_ncs0
1859,ALA,217,3,0,0.0,217,ALA217,ALA217_3_ncs0
1860,ARG,218,3,0,0.0,218,ARG218,ARG218_3_ncs0
1861,ALA,219,3,0,0.267,219,ALA219,ALA219_3_ncs0
1862,GLU,220,3,0,5.06,220,GLU220,GLU220_3_ncs0
1863,SER,15,4,0,0.0,15,SER15,SER15_4_ncs0
1864,GLY,16,4,0,0.0,16,GLY16,GLY16_4_ncs0
1865,ASN,17,4,0,1.53,17,ASN17,ASN17_4_ncs0
1866,THR,18,4,0,0.0,18,THR18,THR18_4_ncs0
1867,GLY,19,4,0,2.84,19,GLY19,GLY19_4_ncs0
1868,SER,20,4,0,0.251,20,SER20,SER20_4_ncs0
1869,ILE,21,4,0,3.81,21,ILE21,ILE21_4_ncs0
1870,ILE,22,4,0,1.38,22,ILE22,ILE22_4_ncs0
1871,ASN,23,4,0,1.22,23,ASN23,ASN23_4_ncs0
1872,ASN,24,4,0,1.14,24,ASN24,ASN24_4_ncs0
1873,TYR,25,4,0,3.07,25,TYR25,TYR25_4_ncs0
1874,TYR,26,4,0,1.09,26,TYR26,TYR26_4_ncs0
1875,MET,27,4,0,2.03,27,MET27,MET27_4_ncs0
1876,GLN,29,4,0,0.898,29,GLN29,GLN29_4_ncs0
1877,TYR,30,4,0,3.06,30,TYR30,TYR30_4_ncs0
1878,GLN,31,4,0,2.18,31,GLN31,GLN31_4_ncs0
1879,ASN,32,4,0,0.0,32,ASN32,ASN32_4_ncs0
1880,SER,33,4,0,1.83,33,SER33,SER33_4_ncs0
1881,MET,34,4,0,4.08,34,MET34,MET34_4_ncs0
1882,ASP,35,4,0,3.96,35,ASP35,ASP35_4_ncs0
1883,THR,36,4,0,0.383,36,THR36,THR36_4_ncs0
1884,GLN,37,4,0,0.0,37,GLN37,GLN37_4_ncs0
1885,LEU,38,4,0,1.04,38,LEU38,LEU38_4_ncs0
1886,ASN,65,4,0,20.8,65,ASN65,ASN65_4_ncs0
1887,ASP,66,4,0,0.0,66,ASP66,ASP66_4_ncs0
1888,TRP,67,4,0,0.0,67,TRP67,TRP67_4_ncs0
1889,PHE,68,4,0,0.0336,68,PHE68,PHE68_4_ncs0
1890,SER,69,4,0,0.0,69,SER69,SER69_4_ncs0
1891,LEU,71,4,0,0.0,71,LEU71,LEU71_4_ncs0
1892,ALA,72,4,0,0.0,72,ALA72,ALA72_4_ncs0
1893,SER,77,4,0,0.0,77,SER77,SER77_4_ncs0
1894,LEU,79,4,0,0.0,79,LEU79,LEU79_4_ncs0
1895,PHE,80,4,0,0.0,80,PHE80,PHE80_4_ncs0
1896,GLY,81,4,0,5.63,81,GLY81,GLY81_4_ncs0
1897,ALA,82,4,0,2.42,82,ALA82,ALA82_4_ncs0
1898,LEU,83,4,0,0.0,83,LEU83,LEU83_4_ncs0
1899,LEU,84,4,0,3.18,84,LEU84,LEU84_4_ncs0
1900,ALA,85,4,0,0.0,85,ALA85,ALA85_4_ncs0
2717,SER,1003,1,0,0.0,3,SER3,SER1003_1_ncs0
2718,GLN,1004,1,0,1.54,4,GLN4,GLN1004_1_ncs0
2719,GLN,1005,1,0,0.0,5,GLN5,GLN1005_1_ncs0
2720,THR,1006,1,0,1.74,6,THR6,THR1006_1_ncs0
2721,VAL,1007,1,0,0.0,7,VAL7,VAL1007_1_ncs0
2722,TRP,1008,1,0,0.91,8,TRP8,TRP1008_1_ncs0
2723,ASN,1009,1,0,0.0,9,ASN9,ASN1009_1_ncs0
2724,GLN,1010,1,0,2.0,10,GLN10,GLN1010_1_ncs0
2725,LEU,1018,1,29,0.0,18,LEU18,LEU1018_1_ncs29
2726,ASN,1019,1,29,0.0,19,ASN19,ASN1019_1_ncs29
2727,ASN,1019,1,18,0.0,19,ASN19,ASN1019_1_ncs18
2728,PHE,1020,1,29,0.0,20,PHE20,PHE1020_1_ncs29
2729,ASP,1021,1,29,2.42,21,ASP21,ASP1021_1_ncs29
2730,SER,1023,1,19,0.0,23,SER23,SER1023_1_ncs19
2731,LYS,1024,1,18,0.0,24,LYS24,LYS1024_1_ncs18
2732,LYS,1024,1,19,0.0,24,LYS24,LYS1024_1_ncs19
2733,GLN,1025,1,19,0.0,25,GLN25,GLN1025_1_ncs19
2734,LYS,1043,1,18,0.0,43,LYS43,LYS1043_1_ncs18
2735,LYS,1043,1,5,2.09,43,LYS43,LYS1043_1_ncs5
2736,LYS,1043,1,13,0.0,43,LYS43,LYS1043_1_ncs13
2737,THR,1044,1,18,1.04,44,THR44,THR1044_1_ncs18
2738,GLY,1045,1,18,1.05,45,GLY45,GLY1045_1_ncs18
2739,GLY,1045,1,5,0.0,45,GLY45,GLY1045_1_ncs5
2740,ASP,1046,1,18,0.0,46,ASP46,ASP1046_1_ncs18
2741,ASP,1046,1,5,0.0,46,ASP46,ASP1046_1_ncs5
2742,GLN,1052,1,0,0.0,52,GLN52,GLN1052_1_ncs0
2743,ASN,1053,1,0,0.0,53,ASN53,ASN1053_1_ncs0
2744,SER,1054,1,0,0.0,54,SER54,SER1054_1_ncs0
2745,CYS,1069,1,0,0.0,69,CYS69,CYS1069_1_ncs0
2746,LYS,1073,1,0,0.0,73,LYS73,LYS1073_1_ncs0
2747,VAL,1075,1,0,0.0,75,VAL75,VAL1075_1_ncs0
2748,MET,1076,1,0,0.0,76,MET76,MET1076_1_ncs0
2749,SER,1077,1,0,0.0,77,SER77,SER1077_1_ncs0
2750,GLY,1078,1,0,0.678,78,GLY78,GLY1078_1_ncs0
2751,ALA,1080,1,0,2.31,80,ALA80,ALA1080_1_ncs0
2752,ALA,1081,1,0,0.0,81,ALA81,ALA1081_1_ncs0
2753,VAL,1082,1,0,0.0,82,VAL82,VAL1082_1_ncs0
2754,LYS,1083,1,0,0.571,83,LYS83,LYS1083_1_ncs0
2755,ARG,1084,1,0,0.0,84,ARG84,ARG1084_1_ncs0
2756,SER,1085,1,0,0.405,85,SER85,SER1085_1_ncs0
2757,ASP,1086,1,0,0.568,86,ASP86,ASP1086_1_ncs0
2758,TRP,1087,1,0,0.0,87,TRP87,TRP1087_1_ncs0
2759,ALA,1088,1,0,1.96,88,ALA88,ALA1088_1_ncs0
2760,SER,1089,1,0,0.0,89,SER89,SER1089_1_ncs0
2761,LEU,1090,1,0,0.934,90,LEU90,LEU1090_1_ncs0
2762,GLN,1092,1,0,0.0,92,GLN92,GLN1092_1_ncs0
2763,LEU,1095,1,0,0.0,95,LEU95,LEU1095_1_ncs0
2764,ASN,1097,1,0,0.0,97,ASN97,ASN1097_1_ncs0
2765,SER,1098,1,0,0.0,98,SER98,SER1098_1_ncs0
2766,SER,1100,1,0,0.0,100,SER100,SER1100_1_ncs0
2767,GLU,1102,1,0,0.64,102,GLU102,GLU1102_1_ncs0
2768,HIS,1103,1,0,0.594,103,HIS103,HIS1103_1_ncs0
2769,PHE,1104,1,0,1.68,104,PHE104,PHE1104_1_ncs0
2770,ASP,1105,1,0,0.0,105,ASP105,ASP1105_1_ncs0
2771,ALA,1106,1,0,0.363,106,ALA106,ALA1106_1_ncs0
2772,CYS,1107,1,0,0.548,107,CYS107,CYS1107_1_ncs0
2773,ARG,1108,1,0,1.96,108,ARG108,ARG1108_1_ncs0
2774,TRP,1109,1,0,0.0,109,TRP109,TRP1109_1_ncs0
2775,THR,1110,1,0,0.0,110,THR110,THR1110_1_ncs0
2776,LYS,1111,1,0,0.0,111,LYS111,LYS1111_1_ncs0
2777,SER,1112,1,0,4.0,112,SER112,SER1112_1_ncs0
2778,PRO,1114,1,0,0.0,114,PRO114,PRO1114_1_ncs0
2779,HIS,1115,1,0,0.805,115,HIS115,HIS1115_1_ncs0
2780,SER,1116,1,0,2.95,116,SER116,SER1116_1_ncs0
2781,GLU,1118,1,0,0.0,118,GLU118,GLU1118_1_ncs0
2782,PHE,1121,1,0,0.0,121,PHE121,PHE1121_1_ncs0
2783,PRO,1122,1,0,1.74,122,PRO122,PRO1122_1_ncs0
2784,ILE,1123,1,0,0.0,123,ILE123,ILE1123_1_ncs0
2785,GLU,1124,1,0,0.393,124,GLU124,GLU1124_1_ncs0
2786,VAL,1125,1,0,0.0,125,VAL125,VAL1125_1_ncs0
2787,CYS,1126,1,0,1.14,126,CYS126,CYS1126_1_ncs0
2788,GLY,1127,1,0,0.0,127,GLY127,GLY1127_1_ncs0
2789,PRO,1128,1,0,13.6,128,PRO128,PRO1128_1_ncs0
2790,ASN,1129,1,0,1.4,129,ASN129,ASN1129_1_ncs0
2791,ASN,1130,1,0,0.0,130,ASN130,ASN1130_1_ncs0
2792,GLY,1131,1,0,0.0,131,GLY131,GLY1131_1_ncs0
2793,GLU,1133,1,0,1.76,133,GLU133,GLU1133_1_ncs0
2794,GLU,1138,1,0,1.49,138,GLU138,GLU1138_1_ncs0
2795,TRP,1139,1,0,7.07,139,TRP139,TRP1139_1_ncs0
2796,ALA,1140,1,0,1.26,140,ALA140,ALA1140_1_ncs0
2797,ASN,1141,1,0,4.87,141,ASN141,ASN1141_1_ncs0
2798,GLN,1142,1,0,0.0,142,GLN142,GLN1142_1_ncs0
2799,THR,1143,1,0,0.0,143,THR143,THR1143_1_ncs0
2800,TRP,1145,1,0,0.0,145,TRP145,TRP1145_1_ncs0
2801,ASP,1152,1,0,0.0,152,ASP152,ASP1152_1_ncs0
2802,LYS,1155,1,29,2.35,155,LYS155,LYS1155_1_ncs29
2803,ASP,1161,1,0,0.0,161,ASP161,ASP1161_1_ncs0
2804,LEU,1163,1,0,0.0,163,LEU163,LEU1163_1_ncs0
2805,GLN,2022,2,0,2.41,22,GLN22,GLN2022_2_ncs0
2806,GLY,2023,2,0,0.0,23,GLY23,GLY2023_2_ncs0
2807,THR,2024,2,0,0.0,24,THR24,THR2024_2_ncs0
2808,SER,2025,2,4,0.0,25,SER25,SER2025_2_ncs4
2809,ARG,2026,2,0,0.0,26,ARG26,ARG2026_2_ncs0
2810,LYS,2042,2,15,4.18,42,LYS42,LYS2042_2_ncs15
2811,LYS,2042,2,14,4.07,42,LYS42,LYS2042_2_ncs14
2812,LYS,2042,2,11,0.0,42,LYS42,LYS2042_2_ncs11
2813,ARG,2058,2,0,0.0,58,ARG58,ARG2058_2_ncs0
2814,TYR,2059,2,0,6.67,59,TYR59,TYR2059_2_ncs0
2815,TYR,2075,2,0,3.11,75,TYR75,TYR2075_2_ncs0
2816,LYS,2077,2,0,0.0,77,LYS77,LYS2077_2_ncs0
2817,THR,2079,2,0,1.48,79,THR79,THR2079_2_ncs0
2818,ILE,2084,2,0,2.23,84,ILE84,ILE2084_2_ncs0
2819,ALA,2085,2,0,0.0,85,ALA85,ALA2085_2_ncs0
2820,PHE,2086,2,0,0.0,86,PHE86,PHE2086_2_ncs0
2821,ASN,2088,2,0,3.13,88,ASN88,ASN2088_2_ncs0
2822,LEU,2089,2,0,0.0,89,LEU89,LEU2089_2_ncs0
2823,ASP,2091,2,18,0.0,91,ASP91,ASP2091_2_ncs18
2824,ASP,2092,2,18,0.0,92,ASP92,ASP2092_2_ncs18
2825,THR,2093,2,0,1.94,93,THR93,THR2093_2_ncs0
2826,ILE,2094,2,0,0.0,94,ILE94,ILE2094_2_ncs0
2827,ASN,2095,2,0,8.01,95,ASN95,ASN2095_2_ncs0
2828,PHE,2096,2,0,0.0,96,PHE96,PHE2096_2_ncs0
2829,GLU,2097,2,0,1.81,97,GLU97,GLU2097_2_ncs0
2830,ALA,2098,2,0,4.3,98,ALA98,ALA2098_2_ncs0
2831,PHE,2099,2,0,0.791,99,PHE99,PHE2099_2_ncs0
2832,PRO,2100,2,0,0.0,100,PRO100,PRO2100_2_ncs0
2833,HIS,2101,2,0,1.25,101,HIS101,HIS2101_2_ncs0
2834,LYS,2102,2,0,0.0,102,LYS102,LYS2102_2_ncs0
2835,LEU,2103,2,0,4.37,103,LEU103,LEU2103_2_ncs0
2836,VAL,2104,2,0,0.0,104,VAL104,VAL2104_2_ncs0
2837,GLN,2105,2,0,12.1,105,GLN105,GLN2105_2_ncs0
2838,PHE,2106,2,0,0.0,106,PHE106,PHE2106_2_ncs0
2839,GLU,2108,2,0,0.384,108,GLU108,GLU2108_2_ncs0
2840,GLU,2111,2,0,0.0,111,GLU111,GLU2111_2_ncs0
2841,LYS,2112,2,0,0.0,112,LYS112,LYS2112_2_ncs0
2842,VAL,2113,2,0,3.78,113,VAL113,VAL2113_2_ncs0
2843,VAL,2114,2,0,0.0,114,VAL114,VAL2114_2_ncs0
2844,LEU,2115,2,0,0.108,115,LEU115,LEU2115_2_ncs0
2845,GLU,2120,2,0,3.62,120,GLU120,GLU2120_2_ncs0
2846,GLU,2121,2,0,3.1,121,GLU121,GLU2121_2_ncs0
2847,PHE,2122,2,0,0.0,122,PHE122,PHE2122_2_ncs0
2848,LEU,2123,2,0,2.99,123,LEU123,LEU2123_2_ncs0
2849,THR,2124,2,0,11.7,124,THR124,THR2124_2_ncs0
2850,ALA,2125,2,0,2.19,125,ALA125,ALA2125_2_ncs0
2851,TRP,2126,2,0,0.0,126,TRP126,TRP2126_2_ncs0
2852,SER,2127,2,0,1.26,127,SER127,SER2127_2_ncs0
2853,VAL,2130,2,0,1.84,130,VAL130,VAL2130_2_ncs0
2854,ARG,2131,2,0,0.596,131,ARG131,ARG2131_2_ncs0
2855,PRO,2132,2,0,0.0,132,PRO132,PRO2132_2_ncs0
2856,THR,2134,2,0,0.0,134,THR134,THR2134_2_ncs0
2857,LEU,2137,2,0,0.171,137,LEU137,LEU2137_2_ncs0
2858,ALA,2138,2,0,2.1,138,ALA138,ALA2138_2_ncs0
2859,ASP,2139,2,0,0.0,139,ASP139,ASP2139_2_ncs0
2860,GLY,2140,2,0,5.55,140,GLY140,GLY2140_2_ncs0
2861,CYS,2141,2,0,0.0,141,CYS141,CYS2141_2_ncs0
2862,HIS,2149,2,0,1.86,149,HIS149,HIS2149_2_ncs0
2863,ASP,2150,2,0,2.85,150,ASP150,ASP2150_2_ncs0
2864,SER,2151,2,0,0.12,151,SER151,SER2151_2_ncs0
2865,SER,2152,2,0,0.0,152,SER152,SER2152_2_ncs0
2866,VAL,2153,2,0,5.3,153,VAL153,VAL2153_2_ncs0
2867,SER,2154,2,0,0.00984,154,SER154,SER2154_2_ncs0
2868,THR,2155,2,0,3.09,155,THR155,THR2155_2_ncs0
2869,THR,2155,2,5,0.0,155,THR155,THR2155_2_ncs5
2870,THR,2155,2,2,0.0,155,THR155,THR2155_2_ncs2
2871,ILE,2156,2,0,0.0,156,ILE156,ILE2156_2_ncs0
2872,ILE,2156,2,5,0.0,156,ILE156,ILE2156_2_ncs5
2873,ILE,2156,2,2,0.0,156,ILE156,ILE2156_2_ncs2
2874,PRO,2157,2,0,0.0,157,PRO157,PRO2157_2_ncs0
2875,PRO,2157,2,8,0.0,157,PRO157,PRO2157_2_ncs8
2876,PRO,2157,2,4,1.78,157,PRO157,PRO2157_2_ncs4
2877,PRO,2157,2,14,0.0,157,PRO157,PRO2157_2_ncs14
2878,PRO,2157,2,5,3.96,157,PRO157,PRO2157_2_ncs5
2879,PRO,2157,2,2,1.24,157,PRO157,PRO2157_2_ncs2
2880,PRO,2157,2,18,1.04,157,PRO157,PRO2157_2_ncs18
2881,TYR,2175,2,0,0.0,175,TYR175,TYR2175_2_ncs0
2882,GLY,2176,2,0,0.0,176,GLY176,GLY2176_2_ncs0
2883,PRO,2179,2,0,0.0,179,PRO179,PRO2179_2_ncs0
2884,GLY,2180,2,0,1.68,180,GLY180,GLY2180_2_ncs0
2885,ILE,2181,2,0,0.0,181,ILE181,ILE2181_2_ncs0
2886,SER,2182,2,0,0.636,182,SER182,SER2182_2_ncs0
2887,THR,2189,2,11,0.0,189,THR189,THR2189_2_ncs11
2888,ILE,2190,2,11,0.0,190,ILE190,ILE2190_2_ncs11
2889,PRO,2191,2,11,0.0,191,PRO191,PRO2191_2_ncs11
2890,GLN,2192,2,4,0.0,192,GLN192,GLN2192_2_ncs4
2891,MET,3001,2,0,0.0,1,MET1,MET3001_2_ncs0
2892,GLU,3002,2,0,5.34,2,GLU2,GLU3002_2_ncs0
2893,THR,3003,2,0,4.08,3,THR3,THR3003_2_ncs0
2894,LEU,3005,2,0,5.34,5,LEU5,LEU3005_2_ncs0
2895,PHE,3006,2,0,3.9,6,PHE6,PHE3006_2_ncs0
2896,LEU,3008,2,0,0.403,8,LEU8,LEU3008_2_ncs0
2897,SER,3009,2,0,1.21,9,SER9,SER3009_2_ncs0
2898,LEU,3010,2,0,12.6,10,LEU10,LEU3010_2_ncs0
2899,ASP,3011,2,0,0.0,11,ASP11,ASP3011_2_ncs0
2900,ASP,3012,2,0,0.0,12,ASP12,ASP3012_2_ncs0
2901,VAL,3013,2,0,5.32,13,VAL13,VAL3013_2_ncs0
2902,LYS,3017,2,0,0.0,17,LYS17,LYS3017_2_ncs0
2903,SER,3019,2,0,0.0,19,SER19,SER3019_2_ncs0
2904,MET,3020,2,0,1.62,20,MET20,MET3020_2_ncs0
2905,LEU,3021,2,0,5.8,21,LEU21,LEU3021_2_ncs0
2906,ASP,3022,2,0,0.0,22,ASP22,ASP3022_2_ncs0
2907,LYS,3024,2,0,0.0,24,LYS24,LYS3024_2_ncs0
2908,GLN,3027,2,0,1.85,27,GLN27,GLN3027_2_ncs0
2909,LYS,3029,2,0,0.0,29,LYS29,LYS3029_2_ncs0
2910,PRO,3033,2,8,3.01,33,PRO33,PRO3033_2_ncs8
2911,PRO,3033,2,15,0.0,33,PRO33,PRO3033_2_ncs15
2912,LYS,3034,2,8,2.39,34,LYS34,LYS3034_2_ncs8
2913,LYS,3034,2,4,1.5,34,LYS34,LYS3034_2_ncs4
2914,LYS,3034,2,15,8.03,34,LYS34,LYS3034_2_ncs15
2915,LYS,3034,2,14,1.24,34,LYS34,LYS3034_2_ncs14
2916,LYS,3034,2,5,0.0,34,LYS34,LYS3034_2_ncs5
2917,ASN,3035,2,8,11.0,35,ASN35,ASN3035_2_ncs8
2918,ASN,3035,2,4,0.0,35,ASN35,ASN3035_2_ncs4
2919,ASN,3035,2,15,15.3,35,ASN35,ASN3035_2_ncs15
2920,ASN,3035,2,14,4.24,35,ASN35,ASN3035_2_ncs14
2921,ASN,3035,2,2,0.0,35,ASN35,ASN3035_2_ncs2
2922,THR,3036,2,8,0.0,36,THR36,THR3036_2_ncs8
2923,VAL,3037,2,8,0.0,37,VAL37,VAL3037_2_ncs8
2924,VAL,3037,2,2,0.0,37,VAL37,VAL3037_2_ncs2
2925,ILE,3041,2,8,0.0,41,ILE41,ILE3041_2_ncs8
2926,LEU,3042,2,2,0.0,42,LEU42,LEU3042_2_ncs2
2927,GLU,3053,2,0,0.0,53,GLU53,GLU3053_2_ncs0
2928,GLY,3054,2,0,0.0,54,GLY54,GLY3054_2_ncs0
2929,ASN,3055,2,0,3.75,55,ASN55,ASN3055_2_ncs0
2930,PHE,3056,2,0,3.36,56,PHE56,PHE3056_2_ncs0
2931,ARG,3057,2,0,6.94,57,ARG57,ARG3057_2_ncs0
2932,VAL,3060,2,0,2.97,60,VAL60,VAL3060_2_ncs0
2933,ASP,3061,2,0,0.138,61,ASP61,ASP3061_2_ncs0
2934,GLN,3063,2,0,0.0,63,GLN63,GLN3063_2_ncs0
2935,ARG,3064,2,0,9.61,64,ARG64,ARG3064_2_ncs0
2936,THR,3065,2,0,1.22,65,THR65,THR3065_2_ncs0
2937,HIS,3066,2,0,4.19,66,HIS66,HIS3066_2_ncs0
2938,ARG,3067,2,0,0.0,67,ARG67,ARG3067_2_ncs0
2939,VAL,3075,2,0,0.0,75,VAL75,VAL3075_2_ncs0
2940,THR,3077,2,0,4.36,77,THR77,THR3077_2_ncs0
2941,VAL,3078,2,0,0.0,78,VAL78,VAL3078_2_ncs0
2942,GLY,3079,2,0,4.53,79,GLY79,GLY3079_2_ncs0
2943,ILE,3080,2,0,0.0,80,ILE80,ILE3080_2_ncs0
2944,PRO,3081,2,0,1.73,81,PRO81,PRO3081_2_ncs0
2945,GLU,3082,2,0,0.386,82,GLU82,GLU3082_2_ncs0
2946,ASN,3083,2,0,2.02,83,ASN83,ASN3083_2_ncs0
2947,THR,3084,2,0,1.08,84,THR84,THR3084_2_ncs0
2948,ARG,3099,2,8,0.0,99,ARG99,ARG3099_2_ncs8
2949,GLU,3113,2,0,0.0,113,GLU113,GLU3113_2_ncs0
2950,LEU,3114,2,0,0.0,114,LEU114,LEU3114_2_ncs0
2951,TRP,3115,2,0,0.0,115,TRP115,TRP3115_2_ncs0
2952,CYS,3119,2,0,0.0,119,CYS119,CYS3119_2_ncs0
2953,THR,3120,2,0,0.0,120,THR120,THR3120_2_ncs0
2954,LYS,3121,2,0,10.8,121,LYS121,LYS3121_2_ncs0
2955,ALA,3122,2,0,1.65,122,ALA122,ALA3122_2_ncs0
2956,MET,3123,2,0,0.0,123,MET123,MET3123_2_ncs0
2957,THR,3124,2,0,2.45,124,THR124,THR3124_2_ncs0
2958,ASN,3130,2,0,0.0,130,ASN130,ASN3130_2_ncs0
2959,ALA,3135,2,0,0.0,135,ALA135,ALA3135_2_ncs0
2960,TRP,3136,2,0,2.93,136,TRP136,TRP3136_2_ncs0
2961,SER,3137,2,0,0.0,137,SER137,SER3137_2_ncs0
2962,GLU,3139,2,0,1.54,139,GLU139,GLU3139_2_ncs0
2963,PHE,3140,2,0,0.0,140,PHE140,PHE3140_2_ncs0
2964,ARG,3143,2,0,1.74,143,ARG143,ARG3143_2_ncs0
2965,TRP,3156,2,4,0.0,156,TRP156,TRP3156_2_ncs4
2966,TRP,3156,2,14,0.0,156,TRP156,TRP3156_2_ncs14
2967,THR,3157,2,8,0.0,157,THR157,THR3157_2_ncs8
2968,THR,3157,2,4,5.89,157,THR157,THR3157_2_ncs4
2969,THR,3157,2,14,0.0,157,THR157,THR3157_2_ncs14
2970,ALA,3158,2,0,0.0,158,ALA158,ALA3158_2_ncs0
2971,ALA,3158,2,8,0.0,158,ALA158,ALA3158_2_ncs8
2972,ALA,3158,2,4,4.71,158,ALA158,ALA3158_2_ncs4
2973,ALA,3158,2,14,0.0,158,ALA158,ALA3158_2_ncs14
2974,THR,3159,2,8,6.93,159,THR159,THR3159_2_ncs8
2975,THR,3159,2,4,9.36,159,THR159,THR3159_2_ncs4
2976,THR,3159,2,15,5.33,159,THR159,THR3159_2_ncs15
2977,THR,3159,2,14,19.0,159,THR159,THR3159_2_ncs14
2978,PRO,3160,2,0,0.0,160,PRO160,PRO3160_2_ncs0
2979,PRO,3160,2,8,0.0,160,PRO160,PRO3160_2_ncs8
2980,PRO,3160,2,14,0.0,160,PRO160,PRO3160_2_ncs14
2981,MET,3161,2,0,1.59,161,MET161,MET3161_2_ncs0
2982,MET,3161,2,8,7.23,161,MET161,MET3161_2_ncs8
2983,MET,3161,2,4,14.2,161,MET161,MET3161_2_ncs4
2984,MET,3161,2,15,3.89,161,MET161,MET3161_2_ncs15
2985,MET,3161,2,14,6.01,161,MET161,MET3161_2_ncs14
2986,MET,3161,2,27,1.22,161,MET161,MET3161_2_ncs27
2987,GLN,3162,2,0,0.765,162,GLN162,GLN3162_2_ncs0
2988,GLN,3162,2,8,13.1,162,GLN162,GLN3162_2_ncs8
2989,GLN,3162,2,4,1.06,162,GLN162,GLN3162_2_ncs4
2990,GLN,3162,2,15,3.83,162,GLN162,GLN3162_2_ncs15
2991,GLN,3162,2,14,0.0,162,GLN162,GLN3162_2_ncs14
2992,GLN,3162,2,5,0.0,162,GLN162,GLN3162_2_ncs5
2993,GLN,3162,2,27,0.0,162,GLN162,GLN3162_2_ncs27
2994,ASP,3163,2,0,0.0,163,ASP163,ASP3163_2_ncs0
2995,VAL,3164,2,0,0.0,164,VAL164,VAL3164_2_ncs0
2996,GLN,3165,2,0,0.12,165,GLN165,GLN3165_2_ncs0
2997,VAL,3166,2,0,0.0,166,VAL166,VAL3166_2_ncs0
2998,THR,3167,2,0,1.21,167,THR167,THR3167_2_ncs0
2999,ASP,3169,2,0,0.631,169,ASP169,ASP3169_2_ncs0
3000,PHE,3171,2,0,1.31,171,PHE171,PHE3171_2_ncs0
