line,res,num,chain,ncs,buried_area
1366,GLN,40,A,0,0.0
1367,GLY,41,A,0,0.257
1368,ARG,42,A,0,0.0
1369,ALA,43,A,0,0.633
1370,ILE,44,A,0,1.72
1371,LYS,45,A,0,0.0
1372,ALA,46,A,0,1.41
1373,TYR,50,A,0,0.0
1374,SER,51,A,0,0.0
1375,VAL,52,A,0,1.24
1376,LYS,54,A,0,0.824
1377,ALA,61,A,30,0.959
1378,ALA,61,A,51,0.0
1379,GLU,63,A,30,0.0
1380,GLU,63,A,26,2.88
1381,GLU,63,A,46,0.0
1382,GLU,63,A,6,1.21
1383,GLU,63,A,29,0.0
1384,LYS,65,A,0,0.0
1385,LYS,65,A,13,0.0
1386,THR,67,A,0,0.0
1387,THR,67,A,13,0.0
1388,THR,71,A,45,0.0
1389,THR,71,A,25,0.0
1390,THR,71,A,30,0.0
1391,GLU,77,A,0,0.0
1392,LYS,84,A,45,0.0
1393,LYS,84,A,25,0.0
1394,ARG,90,A,0,0.0
1395,VAL,91,A,0,0.0
1396,LEU,92,A,0,0.0
1397,TRP,94,A,0,0.0
1398,GLY,96,A,0,0.121
1399,LEU,97,A,0,0.0
1400,LEU,98,A,0,0.196
1401,PRO,99,A,0,1.2
1402,SER,100,A,0,0.0
1403,SER,100,A,14,0.0
1404,VAL,101,A,0,0.0
1405,VAL,101,A,7,0.0
1406,LYS,106,A,0,0.0278
1407,GLN,113,A,45,0.0
1408,GLN,113,A,25,0.0
1409,THR,114,A,50,0.0
1410,THR,114,A,30,8.37
1411,THR,114,A,45,18.5
1412,THR,114,A,25,20.7
1413,THR,115,A,45,0.0
1414,THR,115,A,25,0.0
1415,ALA,117,A,0,0.0
1416,ALA,117,A,13,0.0
1417,ALA,118,A,0,0.0
1418,PHE,120,A,0,0.0
1419,GLN,121,A,0,3.14
1420,VAL,122,A,0,0.0
1421,ALA,123,A,0,0.0
1422,LEU,124,A,0,0.0
1423,ASN,129,A,0,0.0
1424,SER,130,A,0,0.0
1425,LYS,131,A,0,2.84
1426,ASP,132,A,0,0.34
1427,VAL,133,A,0,0.0
1428,ALA,135,A,0,0.0
1429,MET,137,A,0,0.0
1430,PRO,139,A,0,0.0
1431,GLU,140,A,0,0.0
1432,GLU,148,A,45,0.0
1433,GLU,148,A,25,0.0
1434,ALA,152,A,45,0.0
1435,ALA,152,A,25,0.0
1436,TYR,159,A,0,1.18
1437,ALA,163,A,7,0.0
1438,ALA,163,A,14,1.87
1439,LEU,164,A,7,0.0
1440,THR,165,A,7,17.5
1441,THR,165,A,14,16.4
1442,THR,165,A,30,2.05
1443,THR,165,A,26,6.4
1444,THR,165,A,46,2.45
1445,THR,165,A,45,0.0
1446,THR,165,A,25,0.0
1447,GLU,166,A,14,0.0
1448,GLU,166,A,30,0.0
1449,GLU,166,A,26,0.0
1450,GLU,166,A,31,0.0
1451,GLU,166,A,51,0.0
1452,GLU,166,A,46,0.0
1453,GLU,166,A,45,0.0
1454,GLU,166,A,25,0.0
1455,GLY,167,A,0,0.808
1456,ASP,168,A,0,0.588
1457,ASP,168,A,7,8.91
1458,ASP,168,A,14,0.0
1459,VAL,169,A,0,0.0
1460,ILE,170,A,0,0.0424
1461,HIS,172,A,0,1.37
1462,GLU,174,A,0,1.78
1463,VAL,175,A,0,0.0
1464,GLU,176,A,0,0.141
1465,ARG,179,A,0,1.53
1466,PHE,182,A,0,0.0
1467,ASP,183,A,0,0.0986
1468,ASP,184,A,0,1.79
1469,SER,185,A,0,1.81
1470,PHE,186,A,0,1.1
1471,THR,187,A,0,2.15
1472,PRO,188,A,0,0.201
1473,VAL,189,A,0,0.355
1474,TYR,190,A,0,3.72
1475,ARG,26,B,0,1.15
1476,VAL,27,B,0,2.1
1477,VAL,28,B,0,3.5
1478,GLN,29,B,0,1.45
1479,PRO,30,B,0,2.44
1480,VAL,31,B,0,4.13
1481,ILE,32,B,0,2.87
1482,VAL,33,B,0,0.0
1483,GLU,34,B,0,1.52
1484,PRO,35,B,0,3.48
1485,ILE,36,B,0,4.19
1486,ALA,37,B,0,0.207
1487,SER,38,B,0,1.45
1488,GLY,39,B,0,1.54
1489,GLN,40,B,0,3.07
1490,GLY,41,B,0,0.604
1491,ARG,42,B,0,0.0
1492,ALA,43,B,0,0.201
1493,ILE,44,B,0,4.55
1494,LYS,45,B,0,0.0464
1495,ALA,46,B,0,1.77
1496,TYR,50,B,0,0.0
1497,SER,51,B,0,0.0
1498,VAL,52,B,0,0.0
1499,LYS,54,B,0,0.363
1500,TRP,55,B,30,0.0
1501,SER,58,B,50,0.0
1502,SER,58,B,30,0.0
1503,SER,58,B,6,0.0
1504,SER,58,B,13,0.0
1505,CYS,59,B,50,0.0
1506,CYS,59,B,30,0.0
1507,ALA,60,B,50,13.3
1508,ALA,60,B,30,9.59
1509,ALA,60,B,6,0.0
1510,ALA,60,B,35,0.0
1511,ALA,60,B,55,0.541
1512,ALA,61,B,50,0.0
1513,ALA,61,B,30,0.0
1514,ALA,61,B,6,0.0
1515,ALA,61,B,35,5.74
1516,ALA,61,B,55,16.1
1517,ALA,61,B,13,0.0
1518,ALA,62,B,30,0.0
1519,ALA,62,B,6,0.0
1520,ALA,62,B,35,3.65
1521,ALA,62,B,55,7.08
1522,GLU,63,B,50,15.9
1523,GLU,63,B,30,25.7
1524,GLU,63,B,6,6.01
1525,GLU,63,B,1,0.0
1526,GLU,63,B,35,20.6
1527,GLU,63,B,55,8.87
1528,GLU,63,B,18,0.0
1529,ALA,64,B,6,0.0
1530,ALA,64,B,18,3.74
1531,ALA,64,B,49,0.0
1532,ALA,64,B,29,0.0
1533,ALA,64,B,59,2.05
1534,LYS,65,B,0,0.0
1535,LYS,65,B,50,7.24
1536,LYS,65,B,30,0.0
1537,LYS,65,B,18,1.9
1538,LYS,65,B,49,0.0
1539,LYS,65,B,40,27.2
1540,LYS,65,B,29,0.0
1541,LYS,65,B,20,22.3
1542,LYS,65,B,41,1.18
1543,VAL,66,B,50,2.23
1544,VAL,66,B,30,2.93
1545,VAL,66,B,1,0.0
1546,VAL,66,B,6,2.72
1547,VAL,66,B,16,0.0
1548,THR,67,B,0,0.133
1549,THR,67,B,50,0.0
1550,THR,67,B,1,0.0
1551,THR,67,B,6,0.0
1552,SER,68,B,35,0.0
1553,THR,71,B,50,3.01
1554,THR,71,B,30,2.21
1555,ILE,72,B,50,0.654
1556,ILE,72,B,30,0.0
1557,SER,73,B,50,22.7
1558,SER,73,B,30,16.2
1559,LEU,74,B,50,0.312
1560,LEU,74,B,30,0.0
1561,GLU,77,B,0,0.0
1562,ARG,90,B,0,0.0
1563,VAL,91,B,0,0.0
1564,LEU,92,B,0,0.096
1565,TRP,94,B,0,0.0
1566,GLY,96,B,0,0.0565
1567,LEU,97,B,0,0.0
1568,LEU,98,B,0,0.082
1569,PRO,99,B,0,1.11
1570,SER,100,B,0,0.0
1571,SER,102,B,59,0.0
1572,SER,102,B,53,0.0
1573,THR,104,B,59,0.0
1574,LYS,106,B,0,0.581
1575,THR,112,B,30,0.0
1576,GLN,113,B,50,0.0
1577,GLN,113,B,30,0.0
1578,GLN,113,B,38,0.0
1579,THR,114,B,50,15.3
1580,THR,114,B,30,15.5
1581,THR,114,B,1,0.0
1582,THR,114,B,6,1.88
1583,THR,114,B,38,15.6
1584,THR,114,B,16,0.0
1585,THR,114,B,45,0.0
1586,THR,114,B,40,0.0
1587,THR,114,B,25,0.0
1588,THR,114,B,20,0.0
1589,THR,114,B,35,0.0
1590,THR,114,B,55,0.0
1591,THR,115,B,30,0.0
1592,THR,115,B,1,4.53
1593,THR,115,B,35,0.0
1594,THR,115,B,55,0.0
1595,THR,115,B,6,0.0
1596,THR,115,B,38,2.55
1597,THR,115,B,16,2.1
1598,ALA,116,B,1,0.0
1599,ALA,116,B,6,0.0
1600,ALA,116,B,38,0.0
1601,ALA,116,B,16,0.0
1602,ALA,117,B,0,0.0
1603,ALA,117,B,1,0.0
1604,ALA,117,B,16,0.0
1605,ALA,118,B,0,0.0
1606,ALA,118,B,1,2.66
1607,PHE,120,B,0,0.0
1608,GLN,121,B,0,5.96
1609,GLN,121,B,1,0.0
1610,GLN,121,B,16,0.0
1611,VAL,122,B,0,0.0
1612,ALA,123,B,0,0.0
1613,LEU,124,B,0,0.0
1614,ALA,125,B,0,0.444
1615,VAL,126,B,0,0.05
1616,LYS,131,B,0,0.0
1617,ASP,132,B,0,0.0
1618,VAL,133,B,0,0.355
1619,ALA,135,B,0,0.0
1620,ALA,136,B,0,0.0
1621,MET,137,B,0,1.49
1622,PRO,139,B,0,0.0
1623,ALA,151,B,50,0.0
1624,TYR,159,B,0,0.312
1625,TYR,159,B,40,0.0
1626,TYR,159,B,20,0.0
1627,SER,161,B,18,5.86
1628,SER,161,B,49,0.0
1629,SER,161,B,40,0.0
1630,SER,161,B,29,0.0
1631,SER,161,B,59,0.0
1632,SER,161,B,20,0.0
1633,ALA,162,B,18,7.75
1634,ALA,162,B,49,0.0
1635,ALA,162,B,29,0.0
1636,ALA,162,B,59,0.959
1637,ALA,163,B,6,1.39
1638,ALA,163,B,18,0.0
1639,ALA,163,B,59,0.0
1640,LEU,164,B,6,0.0
1641,LEU,164,B,55,0.0
1642,THR,165,B,6,0.0
1643,THR,165,B,13,4.3
1644,GLU,166,B,50,25.6
1645,GLU,166,B,30,26.7
1646,GLU,166,B,6,0.0
1647,GLU,166,B,13,24.5
1648,GLU,166,B,49,11.5
1649,GLU,166,B,29,11.6
1650,GLY,167,B,0,0.455
1651,GLY,167,B,50,0.0
1652,GLY,167,B,30,0.0
1653,GLY,167,B,13,0.0
1654,ASP,168,B,0,0.38
1655,ASP,168,B,13,0.0
1656,VAL,169,B,0,0.0
1657,ILE,170,B,0,0.0
1658,HIS,172,B,0,1.4
1659,GLU,174,B,0,2.2
1660,VAL,175,B,0,0.0
1661,GLU,176,B,0,0.1
1662,ARG,179,B,0,0.0
1663,PHE,182,B,0,0.0
1664,ASP,183,B,0,1.26
1665,ASP,184,B,0,2.94
1666,SER,185,B,0,1.99
1667,PHE,186,B,0,1.31
1668,THR,187,B,0,1.78
1669,PRO,188,B,0,0.0
1670,VAL,189,B,0,0.0
1671,TYR,190,B,0,0.258
1672,ARG,26,C,0,2.14
1673,VAL,27,C,0,0.0
1674,VAL,28,C,0,0.952
1675,GLN,29,C,0,1.01
1676,PRO,30,C,0,0.721
1677,VAL,31,C,0,4.85
1678,ILE,32,C,0,9.6
1679,VAL,33,C,0,0.0
1680,GLU,34,C,0,1.59
1681,PRO,35,C,0,1.86
1682,ILE,36,C,0,0.374
1683,ALA,37,C,0,0.0
1684,SER,38,C,0,1.31
1685,GLY,39,C,0,1.3
1686,GLN,40,C,0,2.37
1687,GLY,41,C,0,0.82
1688,ARG,42,C,0,1.57
1689,ALA,43,C,0,0.469
1690,ILE,44,C,0,3.9
1691,LYS,45,C,0,1.16
1692,ALA,46,C,0,0.827
1693,TYR,50,C,0,0.0
1694,SER,51,C,0,0.0
1695,VAL,52,C,0,0.947
1696,SER,53,C,0,0.0
1697,LYS,54,C,0,0.449
1698,SER,58,C,27,7.75
1699,CYS,59,C,27,0.0
1700,ALA,60,C,40,8.67
1701,ALA,60,C,20,8.67
1702,ALA,60,C,19,0.0
1703,ALA,61,C,40,3.21
1704,ALA,61,C,20,4.32
1705,ALA,61,C,37,0.0
1706,ALA,61,C,19,21.6
1707,ALA,61,C,9,0.0
1708,ALA,62,C,40,0.0
1709,ALA,62,C,20,0.0
1710,ALA,62,C,37,0.0
1711,ALA,62,C,19,5.85
1712,ALA,62,C,9,0.0
1713,ALA,62,C,22,0.0
1714,GLU,63,C,40,19.4
1715,GLU,63,C,20,22.3
1716,GLU,63,C,45,0.0
1717,GLU,63,C,25,0.0
1718,GLU,63,C,37,0.0
1719,GLU,63,C,19,0.0
1720,GLU,63,C,9,30.6
1721,GLU,63,C,22,0.0
1722,GLU,63,C,2,16.0
1723,GLU,63,C,41,3.05
1724,GLU,63,C,21,0.0
1725,GLU,63,C,35,0.0
1726,GLU,63,C,4,11.3
1727,GLU,63,C,14,11.8
1728,GLU,63,C,16,0.0
1729,GLU,63,C,3,0.0
1730,ALA,64,C,20,0.0
1731,ALA,64,C,45,0.0
1732,ALA,64,C,25,0.0
1733,ALA,64,C,9,0.0
1734,ALA,64,C,2,0.0
1735,ALA,64,C,41,0.0
1736,ALA,64,C,55,0.0
1737,LYS,65,C,0,0.0
1738,LYS,65,C,45,0.0
1739,LYS,65,C,25,0.0
1740,LYS,65,C,2,0.0
1741,LYS,65,C,41,6.46
1742,LYS,65,C,21,2.5
1743,LYS,65,C,31,0.0
1744,LYS,65,C,51,0.0
1745,LYS,65,C,54,0.0
1746,VAL,66,C,40,0.149
1747,VAL,66,C,20,0.149
1748,VAL,66,C,9,15.7
1749,VAL,66,C,2,10.0
1750,VAL,66,C,35,0.0
1751,VAL,66,C,4,0.0
1752,VAL,66,C,14,0.0
1753,THR,67,C,0,0.0
1754,THR,67,C,40,0.0
1755,THR,67,C,20,0.0
1756,THR,67,C,45,0.0
1757,THR,67,C,25,0.0
1758,SER,68,C,40,0.0
1759,SER,68,C,20,0.0
1760,SER,68,C,9,0.0
1761,ALA,69,C,40,4.82
1762,ALA,69,C,20,3.45
1763,ILE,70,C,40,0.0
1764,ILE,70,C,20,0.0
1765,THR,71,C,40,0.0
1766,THR,71,C,20,0.0
1767,GLU,77,C,0,0.0
1768,ARG,90,C,0,0.0
1769,VAL,91,C,0,0.0
1770,LEU,92,C,0,0.156
1771,TRP,94,C,0,0.0
1772,GLY,96,C,0,0.0
1773,LEU,97,C,0,0.0
1774,LEU,98,C,0,3.7
1775,LEU,98,C,27,0.0
1776,LEU,98,C,22,0.0
1777,PRO,99,C,0,1.03
1778,SER,100,C,0,0.0
1779,SER,102,C,45,0.0
1780,SER,102,C,25,0.0
1781,SER,102,C,55,0.0
1782,LYS,106,C,0,0.226
1783,GLN,113,C,40,0.0
1784,GLN,113,C,20,0.0
1785,GLN,113,C,45,0.0
1786,GLN,113,C,25,0.0
1787,THR,114,C,40,0.0
1788,THR,114,C,45,13.8
1789,THR,114,C,25,12.4
1790,THR,114,C,50,0.0
1791,THR,115,C,40,0.598
1792,THR,115,C,20,0.0
1793,THR,115,C,45,29.8
1794,THR,115,C,25,33.3
1795,THR,115,C,14,0.0
1796,ALA,116,C,40,20.0
1797,ALA,116,C,20,19.5
1798,ALA,116,C,45,6.8
1799,ALA,116,C,25,5.76
1800,ALA,117,C,0,0.0
1801,ALA,117,C,40,0.955
1802,ALA,117,C,20,0.0
1803,ALA,117,C,45,0.0
1804,ALA,117,C,25,0.194
1805,ALA,118,C,0,0.0
1806,ALA,118,C,45,0.0
1807,ALA,118,C,25,0.0
1808,PHE,120,C,0,0.0
1809,GLN,121,C,0,2.39
1810,VAL,122,C,0,0.0
1811,ALA,123,C,0,0.0
1812,LEU,124,C,0,0.0
1813,ALA,125,C,0,0.316
1814,VAL,126,C,0,0.481
1815,LYS,131,C,0,0.0
1816,ASP,132,C,0,0.0
1817,VAL,133,C,0,0.655
1818,VAL,134,C,0,0.0
1819,ALA,135,C,0,0.0
1820,ALA,136,C,0,0.0
1821,MET,137,C,0,2.42
1822,PRO,139,C,0,0.0
1823,ASP,153,C,45,0.0
1824,TYR,157,C,40,0.0
1825,TYR,157,C,20,0.0
1826,TYR,159,C,0,0.883
1827,SER,161,C,45,0.0
1828,SER,161,C,25,0.0
1829,ALA,162,C,31,0.0
1830,ALA,163,C,45,0.0
1831,ALA,163,C,25,0.0
1832,ALA,163,C,37,0.0
1833,ALA,163,C,22,1.81
1834,ALA,163,C,9,0.0
1835,ALA,163,C,41,0.0
1836,ALA,163,C,21,0.0
1837,LEU,164,C,37,7.56
1838,LEU,164,C,19,0.0
1839,LEU,164,C,9,0.0
1840,THR,165,C,40,0.0
1841,THR,165,C,20,0.0
1842,THR,165,C,27,0.0
1843,THR,165,C,37,5.26
1844,THR,165,C,22,2.72
1845,THR,165,C,9,2.18
1846,THR,165,C,30,0.0
1847,THR,165,C,50,0.0
1848,THR,165,C,19,0.0
1849,GLU,166,C,40,0.0
1850,GLU,166,C,20,0.0
1851,GLU,166,C,27,26.8
1852,GLU,166,C,37,0.0
1853,GLU,166,C,19,4.29
1854,GLU,166,C,22,0.0
1855,GLU,166,C,9,0.0
1856,GLU,166,C,30,0.0
1857,GLY,167,C,0,0.524
1858,GLY,167,C,27,17.9
1859,GLY,167,C,22,0.0
1860,ASP,168,C,0,0.498
1861,ASP,168,C,27,0.0
1862,ASP,168,C,37,0.0
1863,ASP,168,C,22,0.0
1864,VAL,169,C,0,0.0
1865,VAL,169,C,27,0.0
1866,ILE,170,C,0,0.0284
1867,ILE,170,C,27,0.0
1868,HIS,172,C,0,1.31
1869,GLU,174,C,0,1.48
1870,VAL,175,C,0,0.0
1871,GLU,176,C,0,0.411
1872,ARG,179,C,0,0.0262
1873,PHE,182,C,0,0.0
1874,ASP,183,C,0,0.931
1875,ASP,184,C,0,0.86
1876,SER,185,C,0,2.88
1877,PHE,186,C,0,1.57
1878,THR,187,C,0,1.47
1879,PRO,188,C,0,1.08
1880,VAL,189,C,0,0.0
1881,TYR,190,C,0,4.54
